-- MySQL dump 10.13  Distrib 8.0.33, for Linux (x86_64)
--
-- Host: localhost    Database: db_lawas
-- ------------------------------------------------------
-- Server version	8.0.33

/*!40101 SET @OLD_CHARACTER_SET_CLIENT=@@CHARACTER_SET_CLIENT */;
/*!40101 SET @OLD_CHARACTER_SET_RESULTS=@@CHARACTER_SET_RESULTS */;
/*!40101 SET @OLD_COLLATION_CONNECTION=@@COLLATION_CONNECTION */;
/*!50503 SET NAMES utf8mb4 */;
/*!40103 SET @OLD_TIME_ZONE=@@TIME_ZONE */;
/*!40103 SET TIME_ZONE='+00:00' */;
/*!40014 SET @OLD_UNIQUE_CHECKS=@@UNIQUE_CHECKS, UNIQUE_CHECKS=0 */;
/*!40014 SET @OLD_FOREIGN_KEY_CHECKS=@@FOREIGN_KEY_CHECKS, FOREIGN_KEY_CHECKS=0 */;
/*!40101 SET @OLD_SQL_MODE=@@SQL_MODE, SQL_MODE='NO_AUTO_VALUE_ON_ZERO' */;
/*!40111 SET @OLD_SQL_NOTES=@@SQL_NOTES, SQL_NOTES=0 */;

--
-- Table structure for table `addresses`
--

DROP TABLE IF EXISTS `addresses`;
/*!40101 SET @saved_cs_client     = @@character_set_client */;
/*!50503 SET character_set_client = utf8mb4 */;
CREATE TABLE `addresses` (
  `no` int NOT NULL AUTO_INCREMENT,
  `id` varchar(128) NOT NULL DEFAULT '0',
  `user_id` varchar(128) DEFAULT ' ',
  `phone` varchar(45) DEFAULT ' ',
  `bill_address` varchar(100) DEFAULT ' ',
  `bill_city` varchar(45) DEFAULT ' ',
  `bill_postal_code` varchar(25) DEFAULT ' ',
  `bill_country` varchar(45) DEFAULT ' ',
  `ship_address` varchar(100) DEFAULT ' ',
  `ship_city` varchar(45) DEFAULT ' ',
  `ship_postal_code` varchar(45) DEFAULT NULL,
  `ship_country` varchar(45) DEFAULT ' ',
  `created_at` timestamp NULL DEFAULT CURRENT_TIMESTAMP,
  `created_by` varchar(25) DEFAULT NULL,
  `updated_at` timestamp NULL DEFAULT CURRENT_TIMESTAMP,
  `updated_by` varchar(25) DEFAULT NULL,
  PRIMARY KEY (`no`),
  UNIQUE KEY `no_UNIQUE` (`no`),
  UNIQUE KEY `id_UNIQUE` (`id`)
) ENGINE=InnoDB AUTO_INCREMENT=51 DEFAULT CHARSET=utf8mb4 COLLATE=utf8mb4_0900_ai_ci;
/*!40101 SET character_set_client = @saved_cs_client */;

--
-- Dumping data for table `addresses`
--

LOCK TABLES `addresses` WRITE;
/*!40000 ALTER TABLE `addresses` DISABLE KEYS */;
INSERT INTO `addresses` VALUES (3,'eccbc87e4b5ce2fe28308fd9f2a7baf3','eccbc87e4b5ce2fe28308fd9f2a7baf3','+81 210-652-2785','1642 Ninth Street','Washington','32822','United States','1642 Ninth Street','Washington','32822','United States','2025-02-08 14:05:16','admin','2025-02-08 14:05:16','admin'),(4,'a87ff679a2f3e71d9181a67b7542122c','a87ff679a2f3e71d9181a67b7542122c','+49 614-958-9364','238 Jefferson Street','Seattle','68354','United States','238 Jefferson Street','Seattle','68354','United States','2025-02-08 14:05:17','admin','2025-02-08 14:05:17','admin'),(5,'e4da3b7fbbce2345d7772b0674a318d5','e4da3b7fbbce2345d7772b0674a318d5','+91 759-776-1614','607 Fourth Street','Jacksonville','26593','United States','607 Fourth Street','Jacksonville','26593','United States','2025-02-08 14:05:59','admin','2025-02-08 14:05:59','admin'),(6,'1679091c5a880faf6fb5e6087eb1b2dc','1679091c5a880faf6fb5e6087eb1b2dc','+91 607-295-6448','547 First Street','Fort Worth','83843','United States','547 First Street','Fort Worth','83843','United States','2025-02-08 14:06:00','admin','2025-02-08 14:06:00','admin'),(7,'8f14e45fceea167a5a36dedd4bea2543','8f14e45fceea167a5a36dedd4bea2543','+61 260-824-4986','664 Maple Street','Indianapolis','86684','United States','664 Maple Street','Indianapolis','86684','United States','2025-02-08 14:06:01','admin','2025-02-08 14:06:01','admin'),(8,'c9f0f895fb98ab9159f51fd0297e236d','c9f0f895fb98ab9159f51fd0297e236d','+1 458-853-7877','1197 First Street','Fort Worth','24771','United States','1197 First Street','Fort Worth','24771','United States','2025-02-08 14:06:02','admin','2025-02-08 14:06:02','admin'),(9,'45c48cce2e2d7fbdea1afc51c7c6ad26','45c48cce2e2d7fbdea1afc51c7c6ad26','+92 933-608-5081','466 Pine Street','San Antonio','72360','United States','466 Pine Street','San Antonio','72360','United States','2025-02-08 14:06:03','admin','2025-02-08 14:06:03','admin'),(10,'d3d9446802a44259755d38e6d163e820','d3d9446802a44259755d38e6d163e820','+49 770-658-4885','1964 Oak Street','New York','89352','United States','1964 Oak Street','New York','89352','United States','2025-02-08 14:06:03','admin','2025-02-08 14:06:03','admin'),(11,'6512bd43d9caa6e02c990b0a82652dca','6512bd43d9caa6e02c990b0a82652dca','+92 870-217-6201','576 Fifth Street','Denver','57252','United States','576 Fifth Street','Denver','57252','United States','2025-02-08 14:06:04','admin','2025-02-08 14:06:04','admin'),(12,'c20ad4d76fe97759aa27a0c99bff6710','c20ad4d76fe97759aa27a0c99bff6710','+49 989-461-8403','1627 Sixth Street','Jacksonville','41810','United States','1627 Sixth Street','Jacksonville','41810','United States','2025-02-08 14:06:05','admin','2025-02-08 14:06:05','admin'),(13,'c51ce410c124a10e0db5e4b97fc2af39','c51ce410c124a10e0db5e4b97fc2af39','+49 393-605-6968','1413 Maple Street','New York','73696','United States','1413 Maple Street','New York','73696','United States','2025-02-08 14:06:06','admin','2025-02-08 14:06:06','admin'),(14,'aab3238922bcc25a6f606eb525ffdc56','aab3238922bcc25a6f606eb525ffdc56','+44 373-953-5028','208 Second Street','Columbus','42044','United States','208 Second Street','Columbus','42044','United States','2025-02-08 14:06:07','admin','2025-02-08 14:06:07','admin'),(15,'9bf31c7ff062936a96d3c8bd1f8f2ff3','9bf31c7ff062936a96d3c8bd1f8f2ff3','+81 905-252-7319','31 Maple Street','San Jose','78243','United States','31 Maple Street','San Jose','78243','United States','2025-02-08 14:06:08','admin','2025-02-08 14:06:08','admin'),(16,'c74d97b01eae257e44aa9d5bade97baf','c74d97b01eae257e44aa9d5bade97baf','+61 731-431-3457','1125 First Street','Columbus','30973','United States','1125 First Street','Columbus','30973','United States','2025-02-08 14:06:09','admin','2025-02-08 14:06:09','admin'),(17,'70efdf2ec9b086079795c442636b55fb','70efdf2ec9b086079795c442636b55fb','+1 623-880-6871','1170 Lincoln Street','San Diego','43423','United States','1170 Lincoln Street','San Diego','43423','United States','2025-02-08 14:06:09','admin','2025-02-08 14:06:09','admin'),(18,'6f4922f45568161a8cdf4ad2299f6d23','6f4922f45568161a8cdf4ad2299f6d23','+81 507-434-8733','907 Seventh Street','Columbus','78805','United States','907 Seventh Street','Columbus','78805','United States','2025-02-08 14:06:10','admin','2025-02-08 14:06:10','admin'),(19,'1f0e3dad99908345f7439f8ffabdffc4','1f0e3dad99908345f7439f8ffabdffc4','+91 228-363-7806','996 Oak Street','Chicago','11407','United States','996 Oak Street','Chicago','11407','United States','2025-02-08 14:06:11','admin','2025-02-08 14:06:11','admin'),(20,'98f13708210194c475687be6106a3b84','98f13708210194c475687be6106a3b84','+44 468-628-6686','1873 Main Street','New York','26600','United States','1873 Main Street','New York','26600','United States','2025-02-08 14:06:12','admin','2025-02-08 14:06:12','admin'),(21,'3c59dc048e8850243be8079a5c74d079','3c59dc048e8850243be8079a5c74d079','+81 259-957-5711','1892 Lincoln Street','Philadelphia','62091','United States','1892 Lincoln Street','Philadelphia','62091','United States','2025-02-08 14:06:13','admin','2025-02-08 14:06:13','admin'),(22,'b6d767d2f8ed5d21a44b0e5886680cb9','b6d767d2f8ed5d21a44b0e5886680cb9','+44 468-357-7872','1701 Eighth Street','Columbus','31585','United States','1701 Eighth Street','Columbus','31585','United States','2025-02-08 14:06:14','admin','2025-02-08 14:06:14','admin'),(23,'37693cfc748049e45d87b8c7d8b9aacd','37693cfc748049e45d87b8c7d8b9aacd','+92 468-541-7133','401 Fourth Street','Dallas','54972','United States','401 Fourth Street','Dallas','54972','United States','2025-02-08 14:06:14','admin','2025-02-08 14:06:14','admin'),(24,'1ff1de774005f8da13f42943881c655f','1ff1de774005f8da13f42943881c655f','+1 341-597-6694','1578 Fourth Street','Columbus','20673','United States','1578 Fourth Street','Columbus','20673','United States','2025-02-08 14:06:15','admin','2025-02-08 14:06:15','admin'),(25,'8e296a067a37563370ded05f5a3bf3ec','8e296a067a37563370ded05f5a3bf3ec','+92 518-863-2863','1591 Adams Street','Philadelphia','69521','United States','1591 Adams Street','Philadelphia','69521','United States','2025-02-08 14:06:16','admin','2025-02-08 14:06:16','admin'),(26,'4e732ced3463d06de0ca9a15b6153677','4e732ced3463d06de0ca9a15b6153677','+61 708-508-4638','1065 Lincoln Street','Dallas','84898','United States','1065 Lincoln Street','Dallas','84898','United States','2025-02-08 14:06:17','admin','2025-02-08 14:06:17','admin'),(27,'02e74f10e0327ad868d138f2b4fdd6f0','02e74f10e0327ad868d138f2b4fdd6f0','+44 254-761-6843','1163 Pine Street','Los Angeles','58781','United States','1163 Pine Street','Los Angeles','58781','United States','2025-02-08 14:06:18','admin','2025-02-08 14:06:18','admin'),(28,'33e75ff09dd601bbe69f351039152189','33e75ff09dd601bbe69f351039152189','+1 808-757-9867','1946 Oak Street','Phoenix','41540','United States','1946 Oak Street','Phoenix','41540','United States','2025-02-08 14:06:19','admin','2025-02-08 14:06:19','admin'),(29,'6ea9ab1baa0efb9e19094440c317e21b','6ea9ab1baa0efb9e19094440c317e21b','+1 240-833-4680','1837 Maple Street','Indianapolis','81783','United States','1837 Maple Street','Indianapolis','81783','United States','2025-02-08 14:06:20','admin','2025-02-08 14:06:20','admin'),(30,'34173cb38f07f89ddbebc2ac9128303f','34173cb38f07f89ddbebc2ac9128303f','+1 514-384-3300','568 Tenth Street','San Francisco','54698','United States','568 Tenth Street','San Francisco','54698','United States','2025-02-08 14:06:20','admin','2025-02-08 14:06:20','admin'),(31,'c16a5320fa475530d9583c34fd356ef5','c16a5320fa475530d9583c34fd356ef5','+91 936-400-4116','1814 Cedar Street','Charlotte','21191','United States','1814 Cedar Street','Charlotte','21191','United States','2025-02-08 14:08:19','admin','2025-02-08 14:08:19','admin'),(32,'6364d3f0f495b6ab9dcf8d3b5c6e0b01','6364d3f0f495b6ab9dcf8d3b5c6e0b01','+49 584-501-9302','356 Pine Street','San Jose','31121','United States','356 Pine Street','San Jose','31121','United States','2025-02-08 14:08:20','admin','2025-02-08 14:08:20','admin'),(33,'182be0c5cdcd5072bb1864cdee4d3d6e','182be0c5cdcd5072bb1864cdee4d3d6e','+49 787-512-9117','625 Third Street','Denver','74622','United States','625 Third Street','Denver','74622','United States','2025-02-08 14:08:21','admin','2025-02-08 14:08:21','admin'),(34,'e369853df766fa44e1ed0ff613f563bd','e369853df766fa44e1ed0ff613f563bd','+92 957-686-6804','21 Cedar Street','San Francisco','42411','United States','21 Cedar Street','San Francisco','42411','United States','2025-02-08 14:08:22','admin','2025-02-08 14:08:22','admin'),(35,'1c383cd30b7c298ab50293adfecb7b18','1c383cd30b7c298ab50293adfecb7b18','+91 857-765-4373','164 Elm Street','Phoenix','42061','United States','164 Elm Street','Phoenix','42061','United States','2025-02-08 14:08:23','admin','2025-02-08 14:08:23','admin'),(36,'19ca14e7ea6328a42e0eb13d585e4c22','19ca14e7ea6328a42e0eb13d585e4c22','+49 980-340-5333','1964 Fifth Street','Dallas','63361','United States','1964 Fifth Street','Dallas','63361','United States','2025-02-08 14:08:23','admin','2025-02-08 14:08:24','admin'),(37,'a5bfc9e07964f8dddeb95fc584cd965d','a5bfc9e07964f8dddeb95fc584cd965d','+61 837-389-4095','419 Elm Street','Seattle','20540','United States','419 Elm Street','Seattle','20540','United States','2025-02-08 14:08:24','admin','2025-02-08 14:08:24','admin'),(38,'a5771bce93e200c36f7cd9dfd0e5deaa','a5771bce93e200c36f7cd9dfd0e5deaa','+61 411-514-5320','560 Fifth Street','Seattle','70664','United States','560 Fifth Street','Seattle','70664','United States','2025-02-08 14:08:25','admin','2025-02-08 14:08:25','admin'),(39,'d67d8ab4f4c10bf22aa353e27879133c','d67d8ab4f4c10bf22aa353e27879133c','+44 687-435-7119','590 Lincoln Street','Houston','12506','United States','590 Lincoln Street','Houston','12506','United States','2025-02-08 14:08:26','admin','2025-02-08 14:08:26','admin'),(40,'d645920e395fedad7bbbed0eca3fe2e0','d645920e395fedad7bbbed0eca3fe2e0','+1 450-865-6061','1420 First Street','Washington','85475','United States','1420 First Street','Washington','85475','United States','2025-02-08 14:08:27','admin','2025-02-08 14:08:27','admin'),(41,'3416a75f4cea9109507cacd8e2f2aefc','3416a75f4cea9109507cacd8e2f2aefc','+61 932-569-4853','98 Tenth Street','San Antonio','19937','United States','98 Tenth Street','San Antonio','19937','United States','2025-02-08 14:08:28','admin','2025-02-08 14:08:28','admin'),(42,'a1d0c6e83f027327d8461063f4ac58a6','a1d0c6e83f027327d8461063f4ac58a6','+44 254-655-6112','1999 Seventh Street','San Diego','13916','United States','1999 Seventh Street','San Diego','13916','United States','2025-02-08 14:08:29','admin','2025-02-08 14:08:29','admin'),(43,'17e62166fc8586dfa4d1bc0e1742c08b','17e62166fc8586dfa4d1bc0e1742c08b','+61 333-911-3476','25 Sixth Street','San Diego','48884','United States','25 Sixth Street','San Diego','48884','United States','2025-02-08 14:08:29','admin','2025-02-08 14:08:29','admin'),(44,'f7177163c833dff4b38fc8d2872f1ec6','f7177163c833dff4b38fc8d2872f1ec6','+1 599-432-3048','1276 Cedar Street','Phoenix','32823','United States','1276 Cedar Street','Phoenix','32823','United States','2025-02-08 14:08:30','admin','2025-02-08 14:08:30','admin'),(45,'6c8349cc7260ae62e3b1396831a8398f','6c8349cc7260ae62e3b1396831a8398f','+49 680-666-9673','108 Adams Street','Columbus','51083','United States','108 Adams Street','Columbus','51083','United States','2025-02-08 14:08:31','admin','2025-02-08 14:08:31','admin'),(46,'d9d4f495e875a2e075a1a4a6e1b9770f','d9d4f495e875a2e075a1a4a6e1b9770f','+92 556-625-4398','666 Fourth Street','Phoenix','82463','United States','666 Fourth Street','Phoenix','82463','United States','2025-02-08 14:08:32','admin','2025-02-08 14:08:32','admin'),(47,'67c6a1e7ce56d3d6fa748ab6d9af3fd7','67c6a1e7ce56d3d6fa748ab6d9af3fd7','+49 212-856-4272','55 Madison Street','Chicago','58331','United States','55 Madison Street','Chicago','58331','United States','2025-02-08 14:08:33','admin','2025-02-08 14:08:33','admin'),(48,'642e92efb79421734881b53e1e1b18b6','642e92efb79421734881b53e1e1b18b6','+91 730-486-3735','968 Elm Street','San Diego','64610','United States','968 Elm Street','San Diego','64610','United States','2025-02-08 14:08:34','admin','2025-02-08 14:08:34','admin'),(49,'f457c545a9ded88f18ecee47145a72c0','f457c545a9ded88f18ecee47145a72c0','+91 322-775-7582','1419 Pine Street','Columbus','61227','United States','1419 Pine Street','Columbus','61227','United States','2025-02-08 14:08:35','admin','2025-02-08 14:08:35','admin'),(50,'c0c7c76d30bd3dcaefc96f40275bdc0a','c0c7c76d30bd3dcaefc96f40275bdc0a','+92 378-326-3439','926 Elm Street','Jacksonville','24463','United States','926 Elm Street','Jacksonville','24463','United States','2025-02-08 14:08:35','admin','2025-02-08 14:08:35','admin');
/*!40000 ALTER TABLE `addresses` ENABLE KEYS */;
UNLOCK TABLES;
/*!50003 SET @saved_cs_client      = @@character_set_client */ ;
/*!50003 SET @saved_cs_results     = @@character_set_results */ ;
/*!50003 SET @saved_col_connection = @@collation_connection */ ;
/*!50003 SET character_set_client  = utf8mb4 */ ;
/*!50003 SET character_set_results = utf8mb4 */ ;
/*!50003 SET collation_connection  = utf8mb4_0900_ai_ci */ ;
/*!50003 SET @saved_sql_mode       = @@sql_mode */ ;
/*!50003 SET sql_mode              = 'ONLY_FULL_GROUP_BY,STRICT_TRANS_TABLES,NO_ZERO_IN_DATE,NO_ZERO_DATE,ERROR_FOR_DIVISION_BY_ZERO,NO_ENGINE_SUBSTITUTION' */ ;
DELIMITER ;;
/*!50003 CREATE*/ /*!50017 DEFINER=`root`@`%`*/ /*!50003 TRIGGER `ti_addresses` BEFORE INSERT ON `addresses` FOR EACH ROW BEGIN
  DECLARE lastid INT;
  SET lastid=(SELECT IFNULL(MAX(No),0)+1 FROM addresses);
  SET NEW.id = MD5(lastid);
END */;;
DELIMITER ;
/*!50003 SET sql_mode              = @saved_sql_mode */ ;
/*!50003 SET character_set_client  = @saved_cs_client */ ;
/*!50003 SET character_set_results = @saved_cs_results */ ;
/*!50003 SET collation_connection  = @saved_col_connection */ ;

--
-- Table structure for table `bids`
--

DROP TABLE IF EXISTS `bids`;
/*!40101 SET @saved_cs_client     = @@character_set_client */;
/*!50503 SET character_set_client = utf8mb4 */;
CREATE TABLE `bids` (
  `no` int NOT NULL AUTO_INCREMENT,
  `id` varchar(128) COLLATE utf8mb4_general_ci NOT NULL DEFAULT '0',
  `item_id` varchar(128) COLLATE utf8mb4_general_ci NOT NULL,
  `user_id` varchar(128) COLLATE utf8mb4_general_ci NOT NULL,
  `bid` decimal(10,0) NOT NULL,
  `date` timestamp NULL DEFAULT CURRENT_TIMESTAMP,
  `message` varchar(100) COLLATE utf8mb4_general_ci NOT NULL DEFAULT ' ',
  `created_at` timestamp NULL DEFAULT CURRENT_TIMESTAMP,
  `created_by` varchar(25) COLLATE utf8mb4_general_ci DEFAULT NULL,
  `updated_at` timestamp NULL DEFAULT CURRENT_TIMESTAMP,
  `updated_by` varchar(25) COLLATE utf8mb4_general_ci DEFAULT NULL,
  PRIMARY KEY (`no`),
  UNIQUE KEY `no_UNIQUE` (`no`),
  UNIQUE KEY `id_UNIQUE` (`id`)
) ENGINE=InnoDB AUTO_INCREMENT=1366 DEFAULT CHARSET=utf8mb4 COLLATE=utf8mb4_general_ci;
/*!40101 SET character_set_client = @saved_cs_client */;

--
-- Dumping data for table `bids`
--

LOCK TABLES `bids` WRITE;
/*!40000 ALTER TABLE `bids` DISABLE KEYS */;
INSERT INTO `bids` VALUES (2,'c81e728d9d4c2f636f067f89cc14862c','1679091c5a880faf6fb5e6087eb1b2dc','c51ce410c124a10e0db5e4b97fc2af39',51,'2025-02-08 00:00:00','','2025-02-08 00:00:00','noahh','2025-02-10 01:03:06','noahh'),(3,'eccbc87e4b5ce2fe28308fd9f2a7baf3','1679091c5a880faf6fb5e6087eb1b2dc','d9d4f495e875a2e075a1a4a6e1b9770f',52,'2025-02-09 00:00:00','','2025-02-09 00:00:00','hannahr','2025-02-10 01:03:06','hannahr'),(4,'a87ff679a2f3e71d9181a67b7542122c','1679091c5a880faf6fb5e6087eb1b2dc','02e74f10e0327ad868d138f2b4fdd6f0',53,'2025-02-10 00:00:00','','2025-02-10 00:00:00','danielc','2025-02-10 01:03:06','danielc'),(5,'e4da3b7fbbce2345d7772b0674a318d5','1679091c5a880faf6fb5e6087eb1b2dc','98f13708210194c475687be6106a3b84',54,'2025-02-11 00:00:00','','2025-02-11 00:00:00','jacksone','2025-02-10 01:03:06','jacksone'),(6,'1679091c5a880faf6fb5e6087eb1b2dc','1679091c5a880faf6fb5e6087eb1b2dc','f7177163c833dff4b38fc8d2872f1ec6',55,'2025-02-12 00:00:00','','2025-02-12 00:00:00','scarlettw','2025-02-10 01:03:06','scarlettw'),(7,'8f14e45fceea167a5a36dedd4bea2543','1679091c5a880faf6fb5e6087eb1b2dc','a5771bce93e200c36f7cd9dfd0e5deaa',56,'2025-02-13 00:00:00','','2025-02-13 00:00:00','ariar','2025-02-10 01:03:06','ariar'),(8,'c9f0f895fb98ab9159f51fd0297e236d','8f14e45fceea167a5a36dedd4bea2543','1ff1de774005f8da13f42943881c655f',130,'2025-02-08 00:00:00','','2025-02-08 00:00:00','mateon','2025-02-10 01:03:06','mateon'),(9,'45c48cce2e2d7fbdea1afc51c7c6ad26','8f14e45fceea167a5a36dedd4bea2543','a5bfc9e07964f8dddeb95fc584cd965d',131,'2025-02-09 00:00:00','','2025-02-09 00:00:00','masonp','2025-02-10 01:03:06','masonp'),(10,'d3d9446802a44259755d38e6d163e820','8f14e45fceea167a5a36dedd4bea2543','c16a5320fa475530d9583c34fd356ef5',132,'2025-02-10 00:00:00','','2025-02-10 00:00:00','gabriela','2025-02-10 01:03:06','gabriela'),(12,'c20ad4d76fe97759aa27a0c99bff6710','8f14e45fceea167a5a36dedd4bea2543','9bf31c7ff062936a96d3c8bd1f8f2ff3',134,'2025-02-12 00:00:00','','2025-02-12 00:00:00','williamg','2025-02-10 01:03:06','williamg'),(13,'c51ce410c124a10e0db5e4b97fc2af39','8f14e45fceea167a5a36dedd4bea2543','1ff1de774005f8da13f42943881c655f',135,'2025-02-13 00:00:00','','2025-02-13 00:00:00','mateon','2025-02-10 01:03:06','mateon'),(14,'aab3238922bcc25a6f606eb525ffdc56','8f14e45fceea167a5a36dedd4bea2543','c51ce410c124a10e0db5e4b97fc2af39',136,'2025-02-14 00:00:00','','2025-02-14 00:00:00','noahh','2025-02-10 01:03:06','noahh'),(15,'9bf31c7ff062936a96d3c8bd1f8f2ff3','8f14e45fceea167a5a36dedd4bea2543','8f14e45fceea167a5a36dedd4bea2543',137,'2025-02-15 00:00:00','','2025-02-15 00:00:00','alexanderj','2025-02-10 01:03:06','alexanderj'),(16,'c74d97b01eae257e44aa9d5bade97baf','8f14e45fceea167a5a36dedd4bea2543','6364d3f0f495b6ab9dcf8d3b5c6e0b01',138,'2025-02-16 00:00:00','','2025-02-16 00:00:00','natalieh','2025-02-10 01:03:06','natalieh'),(17,'70efdf2ec9b086079795c442636b55fb','c9f0f895fb98ab9159f51fd0297e236d','6f4922f45568161a8cdf4ad2299f6d23',90,'2025-02-09 00:00:00','','2025-02-09 00:00:00','logant','2025-02-10 01:03:06','logant'),(18,'6f4922f45568161a8cdf4ad2299f6d23','c9f0f895fb98ab9159f51fd0297e236d','98f13708210194c475687be6106a3b84',91,'2025-02-10 00:00:00','','2025-02-10 00:00:00','jacksone','2025-02-10 01:03:06','jacksone'),(21,'3c59dc048e8850243be8079a5c74d079','c9f0f895fb98ab9159f51fd0297e236d','eccbc87e4b5ce2fe28308fd9f2a7baf3',94,'2025-02-13 00:00:00','','2025-02-13 00:00:00','sophiab','2025-02-10 01:03:06','sophiab'),(22,'b6d767d2f8ed5d21a44b0e5886680cb9','c9f0f895fb98ab9159f51fd0297e236d','eccbc87e4b5ce2fe28308fd9f2a7baf3',95,'2025-02-14 00:00:00','','2025-02-14 00:00:00','sophiab','2025-02-10 01:03:06','sophiab'),(23,'37693cfc748049e45d87b8c7d8b9aacd','c9f0f895fb98ab9159f51fd0297e236d','34173cb38f07f89ddbebc2ac9128303f',96,'2025-02-15 00:00:00','','2025-02-15 00:00:00','addisonw','2025-02-10 01:03:06','addisonw'),(24,'1ff1de774005f8da13f42943881c655f','c9f0f895fb98ab9159f51fd0297e236d','1679091c5a880faf6fb5e6087eb1b2dc',97,'2025-02-16 00:00:00','','2025-02-16 00:00:00','oliviaw','2025-02-10 00:59:44','oliviaw'),(25,'8e296a067a37563370ded05f5a3bf3ec','c9f0f895fb98ab9159f51fd0297e236d','67c6a1e7ce56d3d6fa748ab6d9af3fd7',98,'2025-02-17 00:00:00','','2025-02-17 00:00:00','nicholasb','2025-02-10 01:03:06','nicholasb'),(26,'4e732ced3463d06de0ca9a15b6153677','c9f0f895fb98ab9159f51fd0297e236d','19ca14e7ea6328a42e0eb13d585e4c22',99,'2025-02-18 00:00:00','','2025-02-18 00:00:00','harpert','2025-02-10 01:03:06','harpert'),(27,'02e74f10e0327ad868d138f2b4fdd6f0','c9f0f895fb98ab9159f51fd0297e236d','642e92efb79421734881b53e1e1b18b6',100,'2025-02-19 00:00:00','','2025-02-19 00:00:00','lunar','2025-02-10 01:03:06','lunar'),(28,'33e75ff09dd601bbe69f351039152189','45c48cce2e2d7fbdea1afc51c7c6ad26','c16a5320fa475530d9583c34fd356ef5',70,'2025-02-10 00:00:00','','2025-02-10 00:00:00','gabriela','2025-02-10 01:03:06','gabriela'),(29,'6ea9ab1baa0efb9e19094440c317e21b','45c48cce2e2d7fbdea1afc51c7c6ad26','67c6a1e7ce56d3d6fa748ab6d9af3fd7',71,'2025-02-11 00:00:00','','2025-02-11 00:00:00','nicholasb','2025-02-10 01:03:07','nicholasb'),(30,'34173cb38f07f89ddbebc2ac9128303f','45c48cce2e2d7fbdea1afc51c7c6ad26','6364d3f0f495b6ab9dcf8d3b5c6e0b01',72,'2025-02-12 00:00:00','','2025-02-12 00:00:00','natalieh','2025-02-10 01:03:07','natalieh'),(31,'c16a5320fa475530d9583c34fd356ef5','45c48cce2e2d7fbdea1afc51c7c6ad26','c51ce410c124a10e0db5e4b97fc2af39',73,'2025-02-13 00:00:00','','2025-02-13 00:00:00','noahh','2025-02-10 01:03:07','noahh'),(33,'49182f81e6a13cf5eaa496d51fea6406','c0c7c76d30bd3dcaefc96f40275bdc0a','c9f0f895fb98ab9159f51fd0297e236d',13,'2025-03-26 00:00:00','','2025-02-15 00:00:00','avat','2025-02-10 01:03:10','avat'),(34,'e369853df766fa44e1ed0ff613f563bd','45c48cce2e2d7fbdea1afc51c7c6ad26','642e92efb79421734881b53e1e1b18b6',76,'2025-02-16 00:00:00','','2025-02-16 00:00:00','lunar','2025-02-10 01:03:07','lunar'),(35,'1c383cd30b7c298ab50293adfecb7b18','45c48cce2e2d7fbdea1afc51c7c6ad26','1ff1de774005f8da13f42943881c655f',77,'2025-02-17 00:00:00','','2025-02-17 00:00:00','mateon','2025-02-10 01:03:07','mateon'),(36,'19ca14e7ea6328a42e0eb13d585e4c22','45c48cce2e2d7fbdea1afc51c7c6ad26','37693cfc748049e45d87b8c7d8b9aacd',78,'2025-02-18 00:00:00','','2025-02-18 00:00:00','chloem','2025-02-10 01:03:07','chloem'),(37,'a5bfc9e07964f8dddeb95fc584cd965d','45c48cce2e2d7fbdea1afc51c7c6ad26','6c8349cc7260ae62e3b1396831a8398f',79,'2025-02-19 00:00:00','','2025-02-19 00:00:00','lincolnk','2025-02-10 01:03:07','lincolnk'),(38,'a5771bce93e200c36f7cd9dfd0e5deaa','45c48cce2e2d7fbdea1afc51c7c6ad26','33e75ff09dd601bbe69f351039152189',80,'2025-02-20 00:00:00','','2025-02-20 00:00:00','lilyb','2025-02-10 01:03:07','lilyb'),(40,'d645920e395fedad7bbbed0eca3fe2e0','45c48cce2e2d7fbdea1afc51c7c6ad26','33e75ff09dd601bbe69f351039152189',82,'2025-02-22 00:00:00','','2025-02-22 00:00:00','lilyb','2025-02-10 01:03:07','lilyb'),(41,'3416a75f4cea9109507cacd8e2f2aefc','45c48cce2e2d7fbdea1afc51c7c6ad26','6364d3f0f495b6ab9dcf8d3b5c6e0b01',83,'2025-02-23 00:00:00','','2025-02-23 00:00:00','natalieh','2025-02-10 01:03:07','natalieh'),(42,'a1d0c6e83f027327d8461063f4ac58a6','d3d9446802a44259755d38e6d163e820','c9f0f895fb98ab9159f51fd0297e236d',80,'2025-02-11 00:00:00','','2025-02-11 00:00:00','avat','2025-02-10 01:03:07','avat'),(44,'f7177163c833dff4b38fc8d2872f1ec6','d3d9446802a44259755d38e6d163e820','d67d8ab4f4c10bf22aa353e27879133c',82,'2025-02-13 00:00:00','','2025-02-13 00:00:00','lucasg','2025-02-10 01:03:07','lucasg'),(45,'6c8349cc7260ae62e3b1396831a8398f','d3d9446802a44259755d38e6d163e820','6f4922f45568161a8cdf4ad2299f6d23',83,'2025-02-14 00:00:00','','2025-02-14 00:00:00','logant','2025-02-10 01:03:07','logant'),(46,'d9d4f495e875a2e075a1a4a6e1b9770f','d3d9446802a44259755d38e6d163e820','c16a5320fa475530d9583c34fd356ef5',84,'2025-02-15 00:00:00','','2025-02-15 00:00:00','gabriela','2025-02-10 01:03:07','gabriela'),(47,'67c6a1e7ce56d3d6fa748ab6d9af3fd7','d3d9446802a44259755d38e6d163e820','34173cb38f07f89ddbebc2ac9128303f',85,'2025-02-16 00:00:00','','2025-02-16 00:00:00','addisonw','2025-02-10 01:03:07','addisonw'),(50,'c0c7c76d30bd3dcaefc96f40275bdc0a','6512bd43d9caa6e02c990b0a82652dca','1c383cd30b7c298ab50293adfecb7b18',1901,'2025-02-13 00:00:00','','2025-02-13 00:00:00','jackw','2025-02-10 01:03:07','jackw'),(51,'2838023a778dfaecdc212708f721b788','6512bd43d9caa6e02c990b0a82652dca','17e62166fc8586dfa4d1bc0e1742c08b',1902,'2025-02-14 00:00:00','','2025-02-14 00:00:00','benjaminf','2025-02-10 01:03:07','benjaminf'),(52,'9a1158154dfa42caddbd0694a4e9bdc8','6512bd43d9caa6e02c990b0a82652dca','1679091c5a880faf6fb5e6087eb1b2dc',1903,'2025-02-15 00:00:00','','2025-02-15 00:00:00','oliviaw','2025-02-10 01:03:07','oliviaw'),(53,'d82c8d1619ad8176d665453cfb2e55f0','6512bd43d9caa6e02c990b0a82652dca','c20ad4d76fe97759aa27a0c99bff6710',1904,'2025-02-16 00:00:00','','2025-02-16 00:00:00','miar','2025-02-10 01:03:07','miar'),(54,'a684eceee76fc522773286a895bc8436','6512bd43d9caa6e02c990b0a82652dca','98f13708210194c475687be6106a3b84',1905,'2025-02-17 00:00:00','','2025-02-17 00:00:00','jacksone','2025-02-10 01:03:07','jacksone'),(56,'9f61408e3afb633e50cdf1b20de6f466','6512bd43d9caa6e02c990b0a82652dca','6c8349cc7260ae62e3b1396831a8398f',1907,'2025-02-19 00:00:00','','2025-02-19 00:00:00','lincolnk','2025-02-10 01:03:07','lincolnk'),(57,'72b32a1f754ba1c09b3695e0cb6cde7f','6512bd43d9caa6e02c990b0a82652dca','8e296a067a37563370ded05f5a3bf3ec',1908,'2025-02-20 00:00:00','','2025-02-20 00:00:00','harpere','2025-02-10 01:03:07','harpere'),(58,'66f041e16a60928b05a7e228a89c3799','c20ad4d76fe97759aa27a0c99bff6710','37693cfc748049e45d87b8c7d8b9aacd',2500,'2025-02-13 00:00:00','','2025-02-13 00:00:00','chloem','2025-02-10 01:03:07','chloem'),(59,'093f65e080a295f8076b1c5722a46aa2','c20ad4d76fe97759aa27a0c99bff6710','f7177163c833dff4b38fc8d2872f1ec6',2501,'2025-02-14 00:00:00','','2025-02-14 00:00:00','scarlettw','2025-02-10 01:03:07','scarlettw'),(60,'072b030ba126b2f4b2374f342be9ed44','c20ad4d76fe97759aa27a0c99bff6710','6c8349cc7260ae62e3b1396831a8398f',2502,'2025-02-15 00:00:00','','2025-02-15 00:00:00','lincolnk','2025-02-10 01:03:07','lincolnk'),(62,'44f683a84163b3523afe57c2e008bc8c','c20ad4d76fe97759aa27a0c99bff6710','c81e728d9d4c2f636f067f89cc14862c',2504,'2025-02-17 00:00:00','','2025-02-17 00:00:00','admin','2025-02-10 01:03:07','admin'),(63,'03afdbd66e7929b125f8597834fa83a4','c20ad4d76fe97759aa27a0c99bff6710','6f4922f45568161a8cdf4ad2299f6d23',2505,'2025-02-18 00:00:00','','2025-02-18 00:00:00','logant','2025-02-10 01:03:07','logant'),(65,'fc490ca45c00b1249bbe3554a4fdf6fb','c20ad4d76fe97759aa27a0c99bff6710','f7177163c833dff4b38fc8d2872f1ec6',2507,'2025-02-20 00:00:00','','2025-02-20 00:00:00','scarlettw','2025-02-10 01:03:07','scarlettw'),(66,'3295c76acbf4caaed33c36b1b5fc2cb1','c20ad4d76fe97759aa27a0c99bff6710','70efdf2ec9b086079795c442636b55fb',2508,'2025-02-21 00:00:00','','2025-02-21 00:00:00','evelyns','2025-02-10 01:03:08','evelyns'),(67,'735b90b4568125ed6c3f678819b6e058','c20ad4d76fe97759aa27a0c99bff6710','02e74f10e0327ad868d138f2b4fdd6f0',2509,'2025-02-22 00:00:00','','2025-02-22 00:00:00','danielc','2025-02-10 01:03:08','danielc'),(68,'a3f390d88e4c41f2747bfa2f1b5f87db','c20ad4d76fe97759aa27a0c99bff6710','6512bd43d9caa6e02c990b0a82652dca',2510,'2025-02-23 00:00:00','','2025-02-23 00:00:00','liamg','2025-02-10 01:03:08','liamg'),(69,'14bfa6bb14875e45bba028a21ed38046','c51ce410c124a10e0db5e4b97fc2af39','c20ad4d76fe97759aa27a0c99bff6710',300,'2025-02-14 00:00:00','','2025-02-14 00:00:00','miar','2025-02-10 01:03:08','miar'),(70,'7cbbc409ec990f19c78c75bd1e06f215','c51ce410c124a10e0db5e4b97fc2af39','a1d0c6e83f027327d8461063f4ac58a6',301,'2025-02-15 00:00:00','','2025-02-15 00:00:00','averyc','2025-02-10 01:03:08','averyc'),(71,'e2c420d928d4bf8ce0ff2ec19b371514','c51ce410c124a10e0db5e4b97fc2af39','a1d0c6e83f027327d8461063f4ac58a6',302,'2025-02-16 00:00:00','','2025-02-16 00:00:00','averyc','2025-02-10 00:59:45','averyc'),(72,'32bb90e8976aab5298d5da10fe66f21d','c51ce410c124a10e0db5e4b97fc2af39','eccbc87e4b5ce2fe28308fd9f2a7baf3',303,'2025-02-17 00:00:00','','2025-02-17 00:00:00','sophiab','2025-02-10 01:03:08','sophiab'),(73,'d2ddea18f00665ce8623e36bd4e3c7c5','c51ce410c124a10e0db5e4b97fc2af39','c20ad4d76fe97759aa27a0c99bff6710',304,'2025-02-18 00:00:00','','2025-02-18 00:00:00','miar','2025-02-10 01:03:08','miar'),(74,'ad61ab143223efbc24c7d2583be69251','c51ce410c124a10e0db5e4b97fc2af39','b6d767d2f8ed5d21a44b0e5886680cb9',305,'2025-02-19 00:00:00','','2025-02-19 00:00:00','elijahs','2025-02-10 01:03:08','elijahs'),(75,'d09bf41544a3365a46c9077ebb5e35c3','c51ce410c124a10e0db5e4b97fc2af39','c9f0f895fb98ab9159f51fd0297e236d',306,'2025-02-20 00:00:00','','2025-02-20 00:00:00','avat','2025-02-10 01:03:08','avat'),(76,'fbd7939d674997cdb4692d34de8633c4','c51ce410c124a10e0db5e4b97fc2af39','34173cb38f07f89ddbebc2ac9128303f',307,'2025-02-21 00:00:00','','2025-02-21 00:00:00','addisonw','2025-02-10 01:03:08','addisonw'),(77,'28dd2c7955ce926456240b2ff0100bde','c51ce410c124a10e0db5e4b97fc2af39','c20ad4d76fe97759aa27a0c99bff6710',308,'2025-02-22 00:00:00','','2025-02-22 00:00:00','miar','2025-02-10 01:03:08','miar'),(78,'35f4a8d465e6e1edc05f3d8ab658c551','c51ce410c124a10e0db5e4b97fc2af39','1c383cd30b7c298ab50293adfecb7b18',309,'2025-02-23 00:00:00','','2025-02-23 00:00:00','jackw','2025-02-10 01:03:08','jackw'),(79,'d1fe173d08e959397adf34b1d77e88d7','c51ce410c124a10e0db5e4b97fc2af39','8e296a067a37563370ded05f5a3bf3ec',310,'2025-02-24 00:00:00','','2025-02-24 00:00:00','harpere','2025-02-10 01:03:08','harpere'),(80,'f033ab37c30201f73f142449d037028d','c51ce410c124a10e0db5e4b97fc2af39','3c59dc048e8850243be8079a5c74d079',311,'2025-02-25 00:00:00','','2025-02-25 00:00:00','madisonc','2025-02-10 01:03:08','madisonc'),(81,'43ec517d68b6edd3015b3edc9a11367b','c51ce410c124a10e0db5e4b97fc2af39','d67d8ab4f4c10bf22aa353e27879133c',312,'2025-02-26 00:00:00','','2025-02-26 00:00:00','lucasg','2025-02-10 01:03:08','lucasg'),(82,'9778d5d219c5080b9a6a17bef029331c','c51ce410c124a10e0db5e4b97fc2af39','f457c545a9ded88f18ecee47145a72c0',313,'2025-02-27 00:00:00','','2025-02-27 00:00:00','jacobc','2025-02-10 01:03:08','jacobc'),(83,'fe9fc289c3ff0af142b6d3bead98a923','aab3238922bcc25a6f606eb525ffdc56','17e62166fc8586dfa4d1bc0e1742c08b',500,'2025-02-15 00:00:00','','2025-02-15 00:00:00','benjaminf','2025-02-10 01:03:08','benjaminf'),(84,'68d30a9594728bc39aa24be94b319d21','aab3238922bcc25a6f606eb525ffdc56','c16a5320fa475530d9583c34fd356ef5',501,'2025-02-16 00:00:00','','2025-02-16 00:00:00','gabriela','2025-02-10 01:03:08','gabriela'),(85,'3ef815416f775098fe977004015c6193','aab3238922bcc25a6f606eb525ffdc56','c16a5320fa475530d9583c34fd356ef5',502,'2025-02-17 00:00:00','','2025-02-17 00:00:00','gabriela','2025-02-10 01:03:08','gabriela'),(86,'93db85ed909c13838ff95ccfa94cebd9','aab3238922bcc25a6f606eb525ffdc56','a5bfc9e07964f8dddeb95fc584cd965d',503,'2025-02-18 00:00:00','','2025-02-18 00:00:00','masonp','2025-02-10 01:03:08','masonp'),(87,'c7e1249ffc03eb9ded908c236bd1996d','aab3238922bcc25a6f606eb525ffdc56','1679091c5a880faf6fb5e6087eb1b2dc',504,'2025-02-19 00:00:00','','2025-02-19 00:00:00','oliviaw','2025-02-10 01:03:08','oliviaw'),(88,'2a38a4a9316c49e5a833517c45d31070','aab3238922bcc25a6f606eb525ffdc56','eccbc87e4b5ce2fe28308fd9f2a7baf3',505,'2025-02-20 00:00:00','','2025-02-20 00:00:00','sophiab','2025-02-10 01:03:08','sophiab'),(89,'7647966b7343c29048673252e490f736','aab3238922bcc25a6f606eb525ffdc56','1f0e3dad99908345f7439f8ffabdffc4',506,'2025-02-21 00:00:00','','2025-02-21 00:00:00','abigailr','2025-02-10 01:03:08','abigailr'),(90,'8613985ec49eb8f757ae6439e879bb2a','9bf31c7ff062936a96d3c8bd1f8f2ff3','c81e728d9d4c2f636f067f89cc14862c',800,'2025-02-16 00:00:00','','2025-02-16 00:00:00','admin','2025-02-10 01:03:08','admin'),(91,'54229abfcfa5649e7003b83dd4755294','9bf31c7ff062936a96d3c8bd1f8f2ff3','6364d3f0f495b6ab9dcf8d3b5c6e0b01',801,'2025-02-17 00:00:00','','2025-02-17 00:00:00','natalieh','2025-02-10 01:03:08','natalieh'),(93,'98dce83da57b0395e163467c9dae521b','9bf31c7ff062936a96d3c8bd1f8f2ff3','6c8349cc7260ae62e3b1396831a8398f',803,'2025-02-19 00:00:00','','2025-02-19 00:00:00','lincolnk','2025-02-10 01:03:08','lincolnk'),(94,'f4b9ec30ad9f68f89b29639786cb62ef','9bf31c7ff062936a96d3c8bd1f8f2ff3','182be0c5cdcd5072bb1864cdee4d3d6e',804,'2025-02-20 00:00:00','','2025-02-20 00:00:00','carterb','2025-02-10 01:03:08','carterb'),(96,'26657d5ff9020d2abefe558796b99584','9bf31c7ff062936a96d3c8bd1f8f2ff3','1679091c5a880faf6fb5e6087eb1b2dc',806,'2025-02-22 00:00:00','','2025-02-22 00:00:00','oliviaw','2025-02-10 01:03:08','oliviaw'),(97,'e2ef524fbf3d9fe611d5a8e90fefdc9c','9bf31c7ff062936a96d3c8bd1f8f2ff3','c20ad4d76fe97759aa27a0c99bff6710',807,'2025-02-23 00:00:00','','2025-02-23 00:00:00','miar','2025-02-10 01:03:08','miar'),(100,'f899139df5e1059396431415e770c6dd','17e62166fc8586dfa4d1bc0e1742c08b','f7177163c833dff4b38fc8d2872f1ec6',61,'2025-03-17 00:00:00','','2025-03-17 00:00:00','scarlettw','2025-02-10 00:59:46','scarlettw'),(101,'38b3eff8baf56627478ec76a704e9b52','17e62166fc8586dfa4d1bc0e1742c08b','f7177163c833dff4b38fc8d2872f1ec6',62,'2025-03-18 00:00:00','','2025-03-18 00:00:00','scarlettw','2025-02-10 01:03:08','scarlettw'),(103,'6974ce5ac660610b44d9b9fed0ff9548','17e62166fc8586dfa4d1bc0e1742c08b','67c6a1e7ce56d3d6fa748ab6d9af3fd7',64,'2025-03-20 00:00:00','','2025-03-20 00:00:00','nicholasb','2025-02-10 01:03:09','nicholasb'),(105,'65b9eea6e1cc6bb9f0cd2a47751a186f','17e62166fc8586dfa4d1bc0e1742c08b','8f14e45fceea167a5a36dedd4bea2543',66,'2025-03-22 00:00:00','','2025-03-22 00:00:00','alexanderj','2025-02-10 01:03:09','alexanderj'),(107,'a97da629b098b75c294dffdc3e463904','17e62166fc8586dfa4d1bc0e1742c08b','a1d0c6e83f027327d8461063f4ac58a6',68,'2025-03-24 00:00:00','','2025-03-24 00:00:00','averyc','2025-02-10 01:03:09','averyc'),(108,'a3c65c2974270fd093ee8a9bf8ae7d0b','17e62166fc8586dfa4d1bc0e1742c08b','1c383cd30b7c298ab50293adfecb7b18',69,'2025-03-25 00:00:00','','2025-03-25 00:00:00','jackw','2025-02-10 01:03:09','jackw'),(109,'2723d092b63885e0d7c260cc007e8b9d','17e62166fc8586dfa4d1bc0e1742c08b','19ca14e7ea6328a42e0eb13d585e4c22',70,'2025-03-26 00:00:00','','2025-03-26 00:00:00','harpert','2025-02-10 01:03:09','harpert'),(110,'5f93f983524def3dca464469d2cf9f3e','f7177163c833dff4b38fc8d2872f1ec6','17e62166fc8586dfa4d1bc0e1742c08b',30,'2025-03-17 00:00:00','','2025-03-17 00:00:00','benjaminf','2025-02-10 01:03:09','benjaminf'),(113,'73278a4a86960eeb576a8fd4c9ec6997','f7177163c833dff4b38fc8d2872f1ec6','f7177163c833dff4b38fc8d2872f1ec6',33,'2025-03-20 00:00:00','','2025-03-20 00:00:00','scarlettw','2025-02-10 01:03:09','scarlettw'),(114,'5fd0b37cd7dbbb00f97ba6ce92bf5add','f7177163c833dff4b38fc8d2872f1ec6','d3d9446802a44259755d38e6d163e820',34,'2025-03-21 00:00:00','','2025-03-21 00:00:00','isabellad','2025-02-10 01:03:09','isabellad'),(115,'2b44928ae11fb9384c4cf38708677c48','f7177163c833dff4b38fc8d2872f1ec6','34173cb38f07f89ddbebc2ac9128303f',35,'2025-03-22 00:00:00','','2025-03-22 00:00:00','addisonw','2025-02-10 01:03:09','addisonw'),(116,'c45147dee729311ef5b5c3003946c48f','f7177163c833dff4b38fc8d2872f1ec6','a5bfc9e07964f8dddeb95fc584cd965d',36,'2025-03-23 00:00:00','','2025-03-23 00:00:00','masonp','2025-02-10 01:03:09','masonp'),(117,'eb160de1de89d9058fcb0b968dbbbd68','f7177163c833dff4b38fc8d2872f1ec6','182be0c5cdcd5072bb1864cdee4d3d6e',37,'2025-03-24 00:00:00','','2025-03-24 00:00:00','carterb','2025-02-10 01:03:09','carterb'),(118,'5ef059938ba799aaa845e1c2e8a762bd','f7177163c833dff4b38fc8d2872f1ec6','c51ce410c124a10e0db5e4b97fc2af39',38,'2025-03-25 00:00:00','','2025-03-25 00:00:00','noahh','2025-02-10 01:03:09','noahh'),(119,'07e1cd7dca89a1678042477183b7ac3f','f7177163c833dff4b38fc8d2872f1ec6','34173cb38f07f89ddbebc2ac9128303f',39,'2025-03-26 00:00:00','','2025-03-26 00:00:00','addisonw','2025-02-10 01:03:09','addisonw'),(120,'da4fb5c6e93e74d3df8527599fa62642','f7177163c833dff4b38fc8d2872f1ec6','d9d4f495e875a2e075a1a4a6e1b9770f',40,'2025-03-27 00:00:00','','2025-03-27 00:00:00','hannahr','2025-02-10 01:03:09','hannahr'),(122,'a0a080f42e6f13b3a2df133f073095dd','f7177163c833dff4b38fc8d2872f1ec6','67c6a1e7ce56d3d6fa748ab6d9af3fd7',42,'2025-03-29 00:00:00','','2025-03-29 00:00:00','nicholasb','2025-02-10 01:03:09','nicholasb'),(123,'202cb962ac59075b964b07152d234b70','f7177163c833dff4b38fc8d2872f1ec6','d645920e395fedad7bbbed0eca3fe2e0',43,'2025-03-30 00:00:00','','2025-03-30 00:00:00','ellaa','2025-02-10 01:03:09','ellaa'),(124,'c8ffe9a587b126f152ed3d89a146b445','6c8349cc7260ae62e3b1396831a8398f','6c8349cc7260ae62e3b1396831a8398f',40,'2025-03-18 00:00:00','','2025-03-18 00:00:00','lincolnk','2025-02-10 01:03:09','lincolnk'),(125,'3def184ad8f4755ff269862ea77393dd','6c8349cc7260ae62e3b1396831a8398f','37693cfc748049e45d87b8c7d8b9aacd',41,'2025-03-19 00:00:00','','2025-03-19 00:00:00','chloem','2025-02-10 01:03:09','chloem'),(126,'069059b7ef840f0c74a814ec9237b6ec','6c8349cc7260ae62e3b1396831a8398f','9bf31c7ff062936a96d3c8bd1f8f2ff3',42,'2025-03-20 00:00:00','','2025-03-20 00:00:00','williamg','2025-02-10 01:03:09','williamg'),(127,'ec5decca5ed3d6b8079e2e7e7bacc9f2','6c8349cc7260ae62e3b1396831a8398f','a5771bce93e200c36f7cd9dfd0e5deaa',43,'2025-03-21 00:00:00','','2025-03-21 00:00:00','ariar','2025-02-10 01:03:09','ariar'),(128,'76dc611d6ebaafc66cc0879c71b5db5c','6c8349cc7260ae62e3b1396831a8398f','1ff1de774005f8da13f42943881c655f',44,'2025-03-22 00:00:00','','2025-03-22 00:00:00','mateon','2025-02-10 01:03:09','mateon'),(129,'d1f491a404d6854880943e5c3cd9ca25','6c8349cc7260ae62e3b1396831a8398f','6c8349cc7260ae62e3b1396831a8398f',45,'2025-03-23 00:00:00','','2025-03-23 00:00:00','lincolnk','2025-02-10 01:03:09','lincolnk'),(130,'9b8619251a19057cff70779273e95aa6','6c8349cc7260ae62e3b1396831a8398f','37693cfc748049e45d87b8c7d8b9aacd',46,'2025-03-24 00:00:00','','2025-03-24 00:00:00','chloem','2025-02-10 01:03:09','chloem'),(131,'1afa34a7f984eeabdbb0a7d494132ee5','d9d4f495e875a2e075a1a4a6e1b9770f','182be0c5cdcd5072bb1864cdee4d3d6e',15,'2025-03-19 00:00:00','','2025-03-19 00:00:00','carterb','2025-02-10 01:03:09','carterb'),(132,'65ded5353c5ee48d0b7d48c591b8f430','d9d4f495e875a2e075a1a4a6e1b9770f','02e74f10e0327ad868d138f2b4fdd6f0',16,'2025-03-20 00:00:00','','2025-03-20 00:00:00','danielc','2025-02-10 01:03:09','danielc'),(133,'9fc3d7152ba9336a670e36d0ed79bc43','d9d4f495e875a2e075a1a4a6e1b9770f','1679091c5a880faf6fb5e6087eb1b2dc',17,'2025-03-21 00:00:00','','2025-03-21 00:00:00','oliviaw','2025-02-10 01:03:09','oliviaw'),(134,'02522a2b2726fb0a03bb19f2d8d9524d','d9d4f495e875a2e075a1a4a6e1b9770f','c9f0f895fb98ab9159f51fd0297e236d',18,'2025-03-22 00:00:00','','2025-03-22 00:00:00','avat','2025-02-10 01:03:09','avat'),(135,'7f1de29e6da19d22b51c68001e7e0e54','d9d4f495e875a2e075a1a4a6e1b9770f','6f4922f45568161a8cdf4ad2299f6d23',19,'2025-03-23 00:00:00','','2025-03-23 00:00:00','logant','2025-02-10 01:03:09','logant'),(136,'42a0e188f5033bc65bf8d78622277c4e','d9d4f495e875a2e075a1a4a6e1b9770f','d3d9446802a44259755d38e6d163e820',20,'2025-03-24 00:00:00','','2025-03-24 00:00:00','isabellad','2025-02-10 01:03:09','isabellad'),(137,'3988c7f88ebcb58c6ce932b957b6f332','d9d4f495e875a2e075a1a4a6e1b9770f','f457c545a9ded88f18ecee47145a72c0',21,'2025-03-25 00:00:00','','2025-03-25 00:00:00','jacobc','2025-02-10 01:03:09','jacobc'),(138,'013d407166ec4fa56eb1e1f8cbe183b9','d9d4f495e875a2e075a1a4a6e1b9770f','1679091c5a880faf6fb5e6087eb1b2dc',22,'2025-03-26 00:00:00','','2025-03-26 00:00:00','oliviaw','2025-02-10 01:03:09','oliviaw'),(140,'1385974ed5904a438616ff7bdb3f7439','67c6a1e7ce56d3d6fa748ab6d9af3fd7','c20ad4d76fe97759aa27a0c99bff6710',50,'2025-03-20 00:00:00','','2025-03-20 00:00:00','miar','2025-02-10 01:03:09','miar'),(141,'0f28b5d49b3020afeecd95b4009adf4c','67c6a1e7ce56d3d6fa748ab6d9af3fd7','d9d4f495e875a2e075a1a4a6e1b9770f',51,'2025-03-21 00:00:00','','2025-03-21 00:00:00','hannahr','2025-02-10 01:03:09','hannahr'),(142,'a8baa56554f96369ab93e4f3bb068c22','67c6a1e7ce56d3d6fa748ab6d9af3fd7','a5771bce93e200c36f7cd9dfd0e5deaa',52,'2025-03-22 00:00:00','','2025-03-22 00:00:00','ariar','2025-02-10 01:03:09','ariar'),(143,'903ce9225fca3e988c2af215d4e544d3','67c6a1e7ce56d3d6fa748ab6d9af3fd7','c16a5320fa475530d9583c34fd356ef5',53,'2025-03-23 00:00:00','','2025-03-23 00:00:00','gabriela','2025-02-10 01:03:09','gabriela'),(144,'0a09c8844ba8f0936c20bd791130d6b6','67c6a1e7ce56d3d6fa748ab6d9af3fd7','a5771bce93e200c36f7cd9dfd0e5deaa',54,'2025-03-24 00:00:00','','2025-03-24 00:00:00','ariar','2025-02-10 01:03:09','ariar'),(145,'2b24d495052a8ce66358eb576b8912c8','67c6a1e7ce56d3d6fa748ab6d9af3fd7','02e74f10e0327ad868d138f2b4fdd6f0',55,'2025-03-25 00:00:00','','2025-03-25 00:00:00','danielc','2025-02-10 01:03:10','danielc'),(146,'a5e00132373a7031000fd987a3c9f87b','67c6a1e7ce56d3d6fa748ab6d9af3fd7','e4da3b7fbbce2345d7772b0674a318d5',56,'2025-03-26 00:00:00','','2025-03-26 00:00:00','emmaj','2025-02-10 01:03:10','emmaj'),(147,'8d5e957f297893487bd98fa830fa6413','67c6a1e7ce56d3d6fa748ab6d9af3fd7','d67d8ab4f4c10bf22aa353e27879133c',57,'2025-03-27 00:00:00','','2025-03-27 00:00:00','lucasg','2025-02-10 01:03:10','lucasg'),(148,'47d1e990583c9c67424d369f3414728e','67c6a1e7ce56d3d6fa748ab6d9af3fd7','8f14e45fceea167a5a36dedd4bea2543',58,'2025-03-28 00:00:00','','2025-03-28 00:00:00','alexanderj','2025-02-10 01:03:10','alexanderj'),(149,'f2217062e9a397a1dca429e7d70bc6ca','67c6a1e7ce56d3d6fa748ab6d9af3fd7','d645920e395fedad7bbbed0eca3fe2e0',59,'2025-03-29 00:00:00','','2025-03-29 00:00:00','ellaa','2025-02-10 01:03:10','ellaa'),(150,'7ef605fc8dba5425d6965fbd4c8fbe1f','67c6a1e7ce56d3d6fa748ab6d9af3fd7','6364d3f0f495b6ab9dcf8d3b5c6e0b01',60,'2025-03-30 00:00:00','','2025-03-30 00:00:00','natalieh','2025-02-10 01:03:10','natalieh'),(151,'a8f15eda80c50adb0e71943adc8015cf','642e92efb79421734881b53e1e1b18b6','b6d767d2f8ed5d21a44b0e5886680cb9',8,'2025-03-21 00:00:00','','2025-03-21 00:00:00','elijahs','2025-02-10 01:03:10','elijahs'),(152,'37a749d808e46495a8da1e5352d03cae','642e92efb79421734881b53e1e1b18b6','8e296a067a37563370ded05f5a3bf3ec',9,'2025-03-22 00:00:00','','2025-03-22 00:00:00','harpere','2025-02-10 01:03:10','harpere'),(154,'1d7f7abc18fcb43975065399b0d1e48e','642e92efb79421734881b53e1e1b18b6','d3d9446802a44259755d38e6d163e820',11,'2025-03-24 00:00:00','','2025-03-24 00:00:00','isabellad','2025-02-10 01:03:10','isabellad'),(156,'1c9ac0159c94d8d0cbedc973445af2da','642e92efb79421734881b53e1e1b18b6','f7177163c833dff4b38fc8d2872f1ec6',13,'2025-03-26 00:00:00','','2025-03-26 00:00:00','scarlettw','2025-02-10 01:03:10','scarlettw'),(157,'6c4b761a28b734fe93831e3fb400ce87','642e92efb79421734881b53e1e1b18b6','c81e728d9d4c2f636f067f89cc14862c',14,'2025-03-27 00:00:00','','2025-03-27 00:00:00','admin','2025-02-10 01:03:10','admin'),(158,'06409663226af2f3114485aa4e0a23b4','642e92efb79421734881b53e1e1b18b6','c9f0f895fb98ab9159f51fd0297e236d',15,'2025-03-28 00:00:00','','2025-03-28 00:00:00','avat','2025-02-10 01:03:10','avat'),(159,'140f6969d5213fd0ece03148e62e461e','642e92efb79421734881b53e1e1b18b6','d3d9446802a44259755d38e6d163e820',16,'2025-03-29 00:00:00','','2025-03-29 00:00:00','isabellad','2025-02-10 01:03:10','isabellad'),(160,'b73ce398c39f506af761d2277d853a92','642e92efb79421734881b53e1e1b18b6','d645920e395fedad7bbbed0eca3fe2e0',17,'2025-03-30 00:00:00','','2025-03-30 00:00:00','ellaa','2025-02-10 01:03:10','ellaa'),(161,'bd4c9ab730f5513206b999ec0d90d1fb','642e92efb79421734881b53e1e1b18b6','6512bd43d9caa6e02c990b0a82652dca',18,'2025-03-31 00:00:00','','2025-03-31 00:00:00','liamg','2025-02-10 01:03:10','liamg'),(162,'82aa4b0af34c2313a562076992e50aa3','642e92efb79421734881b53e1e1b18b6','34173cb38f07f89ddbebc2ac9128303f',19,'2025-04-01 00:00:00','','2025-04-01 00:00:00','addisonw','2025-02-10 01:03:10','addisonw'),(163,'0777d5c17d4066b82ab86dff8a46af6f','642e92efb79421734881b53e1e1b18b6','33e75ff09dd601bbe69f351039152189',20,'2025-04-02 00:00:00','','2025-04-02 00:00:00','lilyb','2025-02-10 01:03:10','lilyb'),(164,'fa7cdfad1a5aaf8370ebeda47a1ff1c3','642e92efb79421734881b53e1e1b18b6','c51ce410c124a10e0db5e4b97fc2af39',21,'2025-04-03 00:00:00','','2025-04-03 00:00:00','noahh','2025-02-10 01:03:10','noahh'),(165,'9766527f2b5d3e95d4a733fcfb77bd7e','f457c545a9ded88f18ecee47145a72c0','b6d767d2f8ed5d21a44b0e5886680cb9',6,'2025-03-22 00:00:00','','2025-03-22 00:00:00','elijahs','2025-02-10 01:03:10','elijahs'),(166,'7e7757b1e12abcb736ab9a754ffb617a','f457c545a9ded88f18ecee47145a72c0','a1d0c6e83f027327d8461063f4ac58a6',7,'2025-03-23 00:00:00','','2025-03-23 00:00:00','averyc','2025-02-10 01:03:10','averyc'),(167,'5878a7ab84fb43402106c575658472fa','f457c545a9ded88f18ecee47145a72c0','aab3238922bcc25a6f606eb525ffdc56',8,'2025-03-24 00:00:00','','2025-03-24 00:00:00','charlottem','2025-02-10 01:03:10','charlottem'),(168,'006f52e9102a8d3be2fe5614f42ba989','f457c545a9ded88f18ecee47145a72c0','02e74f10e0327ad868d138f2b4fdd6f0',9,'2025-03-25 00:00:00','','2025-03-25 00:00:00','danielc','2025-02-10 01:03:10','danielc'),(169,'3636638817772e42b59d74cff571fbb3','f457c545a9ded88f18ecee47145a72c0','a1d0c6e83f027327d8461063f4ac58a6',10,'2025-03-26 00:00:00','','2025-03-26 00:00:00','averyc','2025-02-10 01:03:10','averyc'),(171,'a4a042cf4fd6bfb47701cbc8a1653ada','f457c545a9ded88f18ecee47145a72c0','70efdf2ec9b086079795c442636b55fb',12,'2025-03-28 00:00:00','','2025-03-28 00:00:00','evelyns','2025-02-10 01:03:10','evelyns'),(172,'1ff8a7b5dc7a7d1f0ed65aaa29c04b1e','c0c7c76d30bd3dcaefc96f40275bdc0a','642e92efb79421734881b53e1e1b18b6',10,'2025-03-23 00:00:00','','2025-03-23 00:00:00','lunar','2025-02-10 01:03:10','lunar'),(173,'f7e6c85504ce6e82442c770f7c8606f0','c0c7c76d30bd3dcaefc96f40275bdc0a','c51ce410c124a10e0db5e4b97fc2af39',11,'2025-03-24 00:00:00','','2025-03-24 00:00:00','noahh','2025-02-10 01:03:10','noahh'),(176,'38af86134b65d0f10fe33d30dd76442e','c0c7c76d30bd3dcaefc96f40275bdc0a','6512bd43d9caa6e02c990b0a82652dca',14,'2025-03-27 00:00:00','','2025-03-27 00:00:00','liamg','2025-02-10 01:03:10','liamg'),(177,'96da2f590cd7246bbde0051047b0d6f7','c0c7c76d30bd3dcaefc96f40275bdc0a','9bf31c7ff062936a96d3c8bd1f8f2ff3',15,'2025-03-28 00:00:00','','2025-03-28 00:00:00','williamg','2025-02-10 01:03:10','williamg'),(178,'8f85517967795eeef66c225f7883bdcb','c0c7c76d30bd3dcaefc96f40275bdc0a','8f14e45fceea167a5a36dedd4bea2543',16,'2025-03-29 00:00:00','','2025-03-29 00:00:00','alexanderj','2025-02-10 01:03:10','alexanderj'),(179,'8f53295a73878494e9bc8dd6c3c7104f','c0c7c76d30bd3dcaefc96f40275bdc0a','f7177163c833dff4b38fc8d2872f1ec6',17,'2025-03-30 00:00:00','','2025-03-30 00:00:00','scarlettw','2025-02-10 01:03:10','scarlettw'),(181,'fc221309746013ac554571fbd180e1c8','2838023a778dfaecdc212708f721b788','9bf31c7ff062936a96d3c8bd1f8f2ff3',40,'2025-03-24 00:00:00','','2025-03-24 00:00:00','williamg','2025-02-10 01:03:10','williamg'),(182,'4c5bde74a8f110656874902f07378009','2838023a778dfaecdc212708f721b788','a5771bce93e200c36f7cd9dfd0e5deaa',41,'2025-03-25 00:00:00','','2025-03-25 00:00:00','ariar','2025-02-10 01:03:10','ariar'),(183,'cedebb6e872f539bef8c3f919874e9d7','2838023a778dfaecdc212708f721b788','6512bd43d9caa6e02c990b0a82652dca',42,'2025-03-26 00:00:00','','2025-03-26 00:00:00','liamg','2025-02-10 01:03:10','liamg'),(184,'6cdd60ea0045eb7a6ec44c54d29ed402','2838023a778dfaecdc212708f721b788','02e74f10e0327ad868d138f2b4fdd6f0',43,'2025-03-27 00:00:00','','2025-03-27 00:00:00','danielc','2025-02-10 01:03:10','danielc'),(185,'eecca5b6365d9607ee5a9d336962c534','2838023a778dfaecdc212708f721b788','70efdf2ec9b086079795c442636b55fb',44,'2025-03-28 00:00:00','','2025-03-28 00:00:00','evelyns','2025-02-10 01:03:10','evelyns'),(186,'9872ed9fc22fc182d371c3e9ed316094','2838023a778dfaecdc212708f721b788','c81e728d9d4c2f636f067f89cc14862c',45,'2025-03-29 00:00:00','','2025-03-29 00:00:00','admin','2025-02-10 01:03:10','admin'),(187,'31fefc0e570cb3860f2a6d4b38c6490d','2838023a778dfaecdc212708f721b788','17e62166fc8586dfa4d1bc0e1742c08b',46,'2025-03-30 00:00:00','','2025-03-30 00:00:00','benjaminf','2025-02-10 01:03:11','benjaminf'),(188,'9dcb88e0137649590b755372b040afad','2838023a778dfaecdc212708f721b788','f457c545a9ded88f18ecee47145a72c0',47,'2025-03-31 00:00:00','','2025-03-31 00:00:00','jacobc','2025-02-10 01:03:11','jacobc'),(189,'a2557a7b2e94197ff767970b67041697','2838023a778dfaecdc212708f721b788','70efdf2ec9b086079795c442636b55fb',48,'2025-04-01 00:00:00','','2025-04-01 00:00:00','evelyns','2025-02-10 01:03:11','evelyns'),(191,'0aa1883c6411f7873cb83dacb17b0afc','2838023a778dfaecdc212708f721b788','6f4922f45568161a8cdf4ad2299f6d23',50,'2025-04-03 00:00:00','','2025-04-03 00:00:00','logant','2025-02-10 01:03:11','logant'),(192,'58a2fc6ed39fd083f55d4182bf88826d','9a1158154dfa42caddbd0694a4e9bdc8','c16a5320fa475530d9583c34fd356ef5',30,'2025-03-25 00:00:00','','2025-03-25 00:00:00','gabriela','2025-02-10 01:03:11','gabriela'),(193,'bd686fd640be98efaae0091fa301e613','9a1158154dfa42caddbd0694a4e9bdc8','6c8349cc7260ae62e3b1396831a8398f',31,'2025-03-26 00:00:00','','2025-03-26 00:00:00','lincolnk','2025-02-10 01:03:11','lincolnk'),(195,'0336dcbab05b9d5ad24f4333c7658a0e','9a1158154dfa42caddbd0694a4e9bdc8','a5771bce93e200c36f7cd9dfd0e5deaa',33,'2025-03-28 00:00:00','','2025-03-28 00:00:00','ariar','2025-02-10 01:03:11','ariar'),(196,'084b6fbb10729ed4da8c3d3f5a3ae7c9','9a1158154dfa42caddbd0694a4e9bdc8','eccbc87e4b5ce2fe28308fd9f2a7baf3',34,'2025-03-29 00:00:00','','2025-03-29 00:00:00','sophiab','2025-02-10 01:03:11','sophiab'),(197,'85d8ce590ad8981ca2c8286f79f59954','9a1158154dfa42caddbd0694a4e9bdc8','c16a5320fa475530d9583c34fd356ef5',35,'2025-03-30 00:00:00','','2025-03-30 00:00:00','gabriela','2025-02-10 01:03:11','gabriela'),(199,'84d9ee44e457ddef7f2c4f25dc8fa865','9a1158154dfa42caddbd0694a4e9bdc8','c9f0f895fb98ab9159f51fd0297e236d',37,'2025-04-01 00:00:00','','2025-04-01 00:00:00','avat','2025-02-10 01:03:11','avat'),(200,'3644a684f98ea8fe223c713b77189a77','9a1158154dfa42caddbd0694a4e9bdc8','c51ce410c124a10e0db5e4b97fc2af39',38,'2025-04-02 00:00:00','','2025-04-02 00:00:00','noahh','2025-02-10 01:03:11','noahh'),(201,'757b505cfd34c64c85ca5b5690ee5293','9a1158154dfa42caddbd0694a4e9bdc8','c9f0f895fb98ab9159f51fd0297e236d',39,'2025-04-03 00:00:00','','2025-04-03 00:00:00','avat','2025-02-10 01:03:11','avat'),(202,'854d6fae5ee42911677c739ee1734486','9a1158154dfa42caddbd0694a4e9bdc8','1c383cd30b7c298ab50293adfecb7b18',40,'2025-04-04 00:00:00','','2025-04-04 00:00:00','jackw','2025-02-10 01:03:11','jackw'),(203,'e2c0be24560d78c5e599c2a9c9d0bbd2','9a1158154dfa42caddbd0694a4e9bdc8','c51ce410c124a10e0db5e4b97fc2af39',41,'2025-04-05 00:00:00','','2025-04-05 00:00:00','noahh','2025-02-10 01:03:11','noahh'),(204,'274ad4786c3abca69fa097b85867d9a4','9a1158154dfa42caddbd0694a4e9bdc8','34173cb38f07f89ddbebc2ac9128303f',42,'2025-04-06 00:00:00','','2025-04-06 00:00:00','addisonw','2025-02-10 01:03:11','addisonw'),(205,'eae27d77ca20db309e056e3d2dcd7d69','9a1158154dfa42caddbd0694a4e9bdc8','c9f0f895fb98ab9159f51fd0297e236d',43,'2025-04-07 00:00:00','','2025-04-07 00:00:00','avat','2025-02-10 01:03:11','avat'),(206,'7eabe3a1649ffa2b3ff8c02ebfd5659f','d82c8d1619ad8176d665453cfb2e55f0','6c8349cc7260ae62e3b1396831a8398f',13,'2025-03-26 00:00:00','','2025-03-26 00:00:00','lincolnk','2025-02-10 01:03:11','lincolnk'),(207,'69adc1e107f7f7d035d7baf04342e1ca','d82c8d1619ad8176d665453cfb2e55f0','d9d4f495e875a2e075a1a4a6e1b9770f',14,'2025-03-27 00:00:00','','2025-03-27 00:00:00','hannahr','2025-02-10 01:03:11','hannahr'),(208,'091d584fced301b442654dd8c23b3fc9','d82c8d1619ad8176d665453cfb2e55f0','a5771bce93e200c36f7cd9dfd0e5deaa',15,'2025-03-28 00:00:00','','2025-03-28 00:00:00','ariar','2025-02-10 01:03:11','ariar'),(209,'b1d10e7bafa4421218a51b1e1f1b0ba2','d82c8d1619ad8176d665453cfb2e55f0','d67d8ab4f4c10bf22aa353e27879133c',16,'2025-03-29 00:00:00','','2025-03-29 00:00:00','lucasg','2025-02-10 01:03:11','lucasg'),(210,'6f3ef77ac0e3619e98159e9b6febf557','d82c8d1619ad8176d665453cfb2e55f0','3c59dc048e8850243be8079a5c74d079',17,'2025-03-30 00:00:00','','2025-03-30 00:00:00','madisonc','2025-02-10 01:03:11','madisonc'),(211,'eb163727917cbba1eea208541a643e74','d82c8d1619ad8176d665453cfb2e55f0','6512bd43d9caa6e02c990b0a82652dca',18,'2025-03-31 00:00:00','','2025-03-31 00:00:00','liamg','2025-02-10 01:03:11','liamg'),(212,'1534b76d325a8f591b52d302e7181331','d82c8d1619ad8176d665453cfb2e55f0','c81e728d9d4c2f636f067f89cc14862c',19,'2025-04-01 00:00:00','','2025-04-01 00:00:00','admin','2025-02-10 01:03:11','admin'),(213,'979d472a84804b9f647bc185a877a8b5','a684eceee76fc522773286a895bc8436','1ff1de774005f8da13f42943881c655f',9,'2025-03-27 00:00:00','','2025-03-27 00:00:00','mateon','2025-02-10 01:03:11','mateon'),(215,'3b8a614226a953a8cd9526fca6fe9ba5','a684eceee76fc522773286a895bc8436','f457c545a9ded88f18ecee47145a72c0',11,'2025-03-29 00:00:00','','2025-03-29 00:00:00','jacobc','2025-02-10 01:03:11','jacobc'),(216,'45fbc6d3e05ebd93369ce542e8f2322d','a684eceee76fc522773286a895bc8436','b6d767d2f8ed5d21a44b0e5886680cb9',12,'2025-03-30 00:00:00','','2025-03-30 00:00:00','elijahs','2025-02-10 01:03:11','elijahs'),(217,'63dc7ed1010d3c3b8269faf0ba7491d4','a684eceee76fc522773286a895bc8436','8f14e45fceea167a5a36dedd4bea2543',13,'2025-03-31 00:00:00','','2025-03-31 00:00:00','alexanderj','2025-02-10 01:03:11','alexanderj'),(218,'e96ed478dab8595a7dbda4cbcbee168f','a684eceee76fc522773286a895bc8436','a5771bce93e200c36f7cd9dfd0e5deaa',14,'2025-04-01 00:00:00','','2025-04-01 00:00:00','ariar','2025-02-10 01:03:11','ariar'),(219,'c0e190d8267e36708f955d7ab048990d','a684eceee76fc522773286a895bc8436','1679091c5a880faf6fb5e6087eb1b2dc',15,'2025-04-02 00:00:00','','2025-04-02 00:00:00','oliviaw','2025-02-10 01:03:11','oliviaw'),(220,'ec8ce6abb3e952a85b8551ba726a1227','a684eceee76fc522773286a895bc8436','17e62166fc8586dfa4d1bc0e1742c08b',16,'2025-04-03 00:00:00','','2025-04-03 00:00:00','benjaminf','2025-02-10 01:03:11','benjaminf'),(221,'060ad92489947d410d897474079c1477','a684eceee76fc522773286a895bc8436','1c383cd30b7c298ab50293adfecb7b18',17,'2025-04-04 00:00:00','','2025-04-04 00:00:00','jackw','2025-02-10 01:03:11','jackw'),(222,'bcbe3365e6ac95ea2c0343a2395834dd','b53b3a3d6ab90ce0268229151c9bde11','37693cfc748049e45d87b8c7d8b9aacd',7,'2025-03-28 00:00:00','','2025-03-28 00:00:00','chloem','2025-02-10 01:03:11','chloem'),(223,'115f89503138416a242f40fb7d7f338e','b53b3a3d6ab90ce0268229151c9bde11','e4da3b7fbbce2345d7772b0674a318d5',8,'2025-03-29 00:00:00','','2025-03-29 00:00:00','emmaj','2025-02-10 01:03:11','emmaj'),(227,'705f2172834666788607efbfca35afb3','b53b3a3d6ab90ce0268229151c9bde11','9bf31c7ff062936a96d3c8bd1f8f2ff3',12,'2025-04-02 00:00:00','','2025-04-02 00:00:00','williamg','2025-02-10 01:03:11','williamg'),(228,'74db120f0a8e5646ef5a30154e9f6deb','b53b3a3d6ab90ce0268229151c9bde11','1679091c5a880faf6fb5e6087eb1b2dc',13,'2025-04-03 00:00:00','','2025-04-03 00:00:00','oliviaw','2025-02-10 01:03:12','oliviaw'),(229,'57aeee35c98205091e18d1140e9f38cf','b53b3a3d6ab90ce0268229151c9bde11','8f14e45fceea167a5a36dedd4bea2543',14,'2025-04-04 00:00:00','','2025-04-04 00:00:00','alexanderj','2025-02-10 01:03:12','alexanderj'),(230,'6da9003b743b65f4c0ccd295cc484e57','b53b3a3d6ab90ce0268229151c9bde11','98f13708210194c475687be6106a3b84',15,'2025-04-05 00:00:00','','2025-04-05 00:00:00','jacksone','2025-02-10 01:03:12','jacksone'),(231,'9b04d152845ec0a378394003c96da594','b53b3a3d6ab90ce0268229151c9bde11','98f13708210194c475687be6106a3b84',16,'2025-04-06 00:00:00','','2025-04-06 00:00:00','jacksone','2025-02-10 01:03:12','jacksone'),(232,'be83ab3ecd0db773eb2dc1b0a17836a1','b53b3a3d6ab90ce0268229151c9bde11','c20ad4d76fe97759aa27a0c99bff6710',17,'2025-04-07 00:00:00','','2025-04-07 00:00:00','miar','2025-02-10 01:03:12','miar'),(233,'e165421110ba03099a1c0393373c5b43','9f61408e3afb633e50cdf1b20de6f466','6c8349cc7260ae62e3b1396831a8398f',50,'2025-03-29 00:00:00','','2025-03-29 00:00:00','lincolnk','2025-02-10 01:03:12','lincolnk'),(234,'289dff07669d7a23de0ef88d2f7129e7','9f61408e3afb633e50cdf1b20de6f466','3c59dc048e8850243be8079a5c74d079',51,'2025-03-30 00:00:00','','2025-03-30 00:00:00','madisonc','2025-02-10 01:03:12','madisonc'),(236,'01161aaa0b6d1345dd8fe4e481144d84','9f61408e3afb633e50cdf1b20de6f466','c16a5320fa475530d9583c34fd356ef5',53,'2025-04-01 00:00:00','','2025-04-01 00:00:00','gabriela','2025-02-10 01:03:12','gabriela'),(237,'539fd53b59e3bb12d203f45a912eeaf2','9f61408e3afb633e50cdf1b20de6f466','17e62166fc8586dfa4d1bc0e1742c08b',54,'2025-04-02 00:00:00','','2025-04-02 00:00:00','benjaminf','2025-02-10 01:03:12','benjaminf'),(238,'ac1dd209cbcc5e5d1c6e28598e8cbbe8','9f61408e3afb633e50cdf1b20de6f466','02e74f10e0327ad868d138f2b4fdd6f0',55,'2025-04-03 00:00:00','','2025-04-03 00:00:00','danielc','2025-02-10 01:03:12','danielc'),(239,'555d6702c950ecb729a966504af0a635','9f61408e3afb633e50cdf1b20de6f466','6364d3f0f495b6ab9dcf8d3b5c6e0b01',56,'2025-04-04 00:00:00','','2025-04-04 00:00:00','natalieh','2025-02-10 01:03:12','natalieh'),(240,'335f5352088d7d9bf74191e006d8e24c','9f61408e3afb633e50cdf1b20de6f466','d9d4f495e875a2e075a1a4a6e1b9770f',57,'2025-04-05 00:00:00','','2025-04-05 00:00:00','hannahr','2025-02-10 01:03:12','hannahr'),(241,'f340f1b1f65b6df5b5e3f94d95b11daf','9f61408e3afb633e50cdf1b20de6f466','a1d0c6e83f027327d8461063f4ac58a6',58,'2025-04-06 00:00:00','','2025-04-06 00:00:00','averyc','2025-02-10 01:03:12','averyc'),(242,'e4a6222cdb5b34375400904f03d8e6a5','9f61408e3afb633e50cdf1b20de6f466','c20ad4d76fe97759aa27a0c99bff6710',59,'2025-04-07 00:00:00','','2025-04-07 00:00:00','miar','2025-02-10 01:03:12','miar'),(243,'cb70ab375662576bd1ac5aaf16b3fca4','9f61408e3afb633e50cdf1b20de6f466','d67d8ab4f4c10bf22aa353e27879133c',60,'2025-04-08 00:00:00','','2025-04-08 00:00:00','lucasg','2025-02-10 01:03:12','lucasg'),(246,'38db3aed920cf82ab059bfccbd02be6a','9f61408e3afb633e50cdf1b20de6f466','1679091c5a880faf6fb5e6087eb1b2dc',63,'2025-04-11 00:00:00','','2025-04-11 00:00:00','oliviaw','2025-02-10 01:03:12','oliviaw'),(247,'3cec07e9ba5f5bb252d13f5f431e4bbb','72b32a1f754ba1c09b3695e0cb6cde7f','37693cfc748049e45d87b8c7d8b9aacd',10,'2025-03-30 00:00:00','','2025-03-30 00:00:00','chloem','2025-02-10 01:03:12','chloem'),(248,'621bf66ddb7c962aa0d22ac97d69b793','72b32a1f754ba1c09b3695e0cb6cde7f','a1d0c6e83f027327d8461063f4ac58a6',11,'2025-03-31 00:00:00','','2025-03-31 00:00:00','averyc','2025-02-10 01:03:12','averyc'),(250,'6c9882bbac1c7093bd25041881277658','72b32a1f754ba1c09b3695e0cb6cde7f','70efdf2ec9b086079795c442636b55fb',13,'2025-04-02 00:00:00','','2025-04-02 00:00:00','evelyns','2025-02-10 01:03:12','evelyns'),(251,'19f3cd308f1455b3fa09a282e0d496f4','72b32a1f754ba1c09b3695e0cb6cde7f','e4da3b7fbbce2345d7772b0674a318d5',14,'2025-04-03 00:00:00','','2025-04-03 00:00:00','emmaj','2025-02-10 01:03:12','emmaj'),(252,'03c6b06952c750899bb03d998e631860','72b32a1f754ba1c09b3695e0cb6cde7f','1ff1de774005f8da13f42943881c655f',15,'2025-04-04 00:00:00','','2025-04-04 00:00:00','mateon','2025-02-10 01:03:12','mateon'),(253,'c24cd76e1ce41366a4bbe8a49b02a028','72b32a1f754ba1c09b3695e0cb6cde7f','67c6a1e7ce56d3d6fa748ab6d9af3fd7',16,'2025-04-05 00:00:00','','2025-04-05 00:00:00','nicholasb','2025-02-10 01:03:12','nicholasb'),(254,'c52f1bd66cc19d05628bd8bf27af3ad6','66f041e16a60928b05a7e228a89c3799','eccbc87e4b5ce2fe28308fd9f2a7baf3',4,'2025-03-31 00:00:00','','2025-03-31 00:00:00','sophiab','2025-02-10 01:03:12','sophiab'),(255,'fe131d7f5a6b38b23cc967316c13dae2','66f041e16a60928b05a7e228a89c3799','c9f0f895fb98ab9159f51fd0297e236d',5,'2025-04-01 00:00:00','','2025-04-01 00:00:00','avat','2025-02-10 01:03:12','avat'),(256,'f718499c1c8cef6730f9fd03c8125cab','66f041e16a60928b05a7e228a89c3799','c9f0f895fb98ab9159f51fd0297e236d',6,'2025-04-02 00:00:00','','2025-04-02 00:00:00','avat','2025-02-10 01:03:12','avat'),(257,'d96409bf894217686ba124d7356686c9','66f041e16a60928b05a7e228a89c3799','eccbc87e4b5ce2fe28308fd9f2a7baf3',7,'2025-04-03 00:00:00','','2025-04-03 00:00:00','sophiab','2025-02-10 01:03:12','sophiab'),(258,'502e4a16930e414107ee22b6198c578f','66f041e16a60928b05a7e228a89c3799','eccbc87e4b5ce2fe28308fd9f2a7baf3',8,'2025-04-04 00:00:00','','2025-04-04 00:00:00','sophiab','2025-02-10 01:03:12','sophiab'),(259,'cfa0860e83a4c3a763a7e62d825349f7','66f041e16a60928b05a7e228a89c3799','37693cfc748049e45d87b8c7d8b9aacd',9,'2025-04-05 00:00:00','','2025-04-05 00:00:00','chloem','2025-02-10 01:03:12','chloem'),(261,'b1a59b315fc9a3002ce38bbe070ec3f5','66f041e16a60928b05a7e228a89c3799','f457c545a9ded88f18ecee47145a72c0',11,'2025-04-07 00:00:00','','2025-04-07 00:00:00','jacobc','2025-02-10 01:03:12','jacobc'),(262,'36660e59856b4de58a219bcf4e27eba3','66f041e16a60928b05a7e228a89c3799','a1d0c6e83f027327d8461063f4ac58a6',12,'2025-04-08 00:00:00','','2025-04-08 00:00:00','averyc','2025-02-10 01:03:12','averyc'),(263,'8c19f571e251e61cb8dd3612f26d5ecf','093f65e080a295f8076b1c5722a46aa2','6f4922f45568161a8cdf4ad2299f6d23',5,'2025-04-01 00:00:00','','2025-04-01 00:00:00','logant','2025-02-10 01:03:12','logant'),(265,'e56954b4f6347e897f954495eab16a88','093f65e080a295f8076b1c5722a46aa2','a5bfc9e07964f8dddeb95fc584cd965d',7,'2025-04-03 00:00:00','','2025-04-03 00:00:00','masonp','2025-02-10 01:03:12','masonp'),(266,'f7664060cc52bc6f3d620bcedc94a4b6','093f65e080a295f8076b1c5722a46aa2','eccbc87e4b5ce2fe28308fd9f2a7baf3',8,'2025-04-04 00:00:00','','2025-04-04 00:00:00','sophiab','2025-02-10 01:03:12','sophiab'),(267,'eda80a3d5b344bc40f3bc04f65b7a357','093f65e080a295f8076b1c5722a46aa2','6c8349cc7260ae62e3b1396831a8398f',9,'2025-04-05 00:00:00','','2025-04-05 00:00:00','lincolnk','2025-02-10 01:03:12','lincolnk'),(268,'8f121ce07d74717e0b1f21d122e04521','093f65e080a295f8076b1c5722a46aa2','c51ce410c124a10e0db5e4b97fc2af39',10,'2025-04-06 00:00:00','','2025-04-06 00:00:00','noahh','2025-02-10 01:03:12','noahh'),(269,'06138bc5af6023646ede0e1f7c1eac75','093f65e080a295f8076b1c5722a46aa2','aab3238922bcc25a6f606eb525ffdc56',11,'2025-04-07 00:00:00','','2025-04-07 00:00:00','charlottem','2025-02-10 01:03:13','charlottem'),(270,'39059724f73a9969845dfe4146c5660e','093f65e080a295f8076b1c5722a46aa2','1ff1de774005f8da13f42943881c655f',12,'2025-04-08 00:00:00','','2025-04-08 00:00:00','mateon','2025-02-10 01:03:13','mateon'),(271,'7f100b7b36092fb9b06dfb4fac360931','093f65e080a295f8076b1c5722a46aa2','c81e728d9d4c2f636f067f89cc14862c',13,'2025-04-09 00:00:00','','2025-04-09 00:00:00','admin','2025-02-10 01:03:13','admin'),(272,'7a614fd06c325499f1680b9896beedeb','093f65e080a295f8076b1c5722a46aa2','98f13708210194c475687be6106a3b84',14,'2025-04-10 00:00:00','','2025-04-10 00:00:00','jacksone','2025-02-10 01:03:13','jacksone'),(273,'4734ba6f3de83d861c3176a6273cac6d','093f65e080a295f8076b1c5722a46aa2','642e92efb79421734881b53e1e1b18b6',15,'2025-04-11 00:00:00','','2025-04-11 00:00:00','lunar','2025-02-10 01:03:13','lunar'),(274,'d947bf06a885db0d477d707121934ff8','072b030ba126b2f4b2374f342be9ed44','19ca14e7ea6328a42e0eb13d585e4c22',11,'2025-04-02 00:00:00','','2025-04-02 00:00:00','harpert','2025-02-10 01:03:13','harpert'),(275,'63923f49e5241343aa7acb6a06a751e7','072b030ba126b2f4b2374f342be9ed44','a5bfc9e07964f8dddeb95fc584cd965d',12,'2025-04-03 00:00:00','','2025-04-03 00:00:00','masonp','2025-02-10 01:03:13','masonp'),(276,'db8e1af0cb3aca1ae2d0018624204529','072b030ba126b2f4b2374f342be9ed44','98f13708210194c475687be6106a3b84',13,'2025-04-04 00:00:00','','2025-04-04 00:00:00','jacksone','2025-02-10 01:03:13','jacksone'),(277,'20f07591c6fcb220ffe637cda29bb3f6','072b030ba126b2f4b2374f342be9ed44','c51ce410c124a10e0db5e4b97fc2af39',14,'2025-04-05 00:00:00','','2025-04-05 00:00:00','noahh','2025-02-10 01:03:13','noahh'),(278,'07cdfd23373b17c6b337251c22b7ea57','072b030ba126b2f4b2374f342be9ed44','f7177163c833dff4b38fc8d2872f1ec6',15,'2025-04-06 00:00:00','','2025-04-06 00:00:00','scarlettw','2025-02-10 01:03:13','scarlettw'),(279,'d395771085aab05244a4fb8fd91bf4ee','072b030ba126b2f4b2374f342be9ed44','182be0c5cdcd5072bb1864cdee4d3d6e',16,'2025-04-07 00:00:00','','2025-04-07 00:00:00','carterb','2025-02-10 01:03:13','carterb'),(280,'92c8c96e4c37100777c7190b76d28233','072b030ba126b2f4b2374f342be9ed44','e4da3b7fbbce2345d7772b0674a318d5',17,'2025-04-08 00:00:00','','2025-04-08 00:00:00','emmaj','2025-02-10 01:03:13','emmaj'),(282,'6a9aeddfc689c1d0e3b9ccc3ab651bc5','072b030ba126b2f4b2374f342be9ed44','1679091c5a880faf6fb5e6087eb1b2dc',19,'2025-04-10 00:00:00','','2025-04-10 00:00:00','oliviaw','2025-02-10 01:03:13','oliviaw'),(283,'0f49c89d1e7298bb9930789c8ed59d48','072b030ba126b2f4b2374f342be9ed44','c9f0f895fb98ab9159f51fd0297e236d',20,'2025-04-11 00:00:00','','2025-04-11 00:00:00','avat','2025-02-10 01:03:13','avat'),(285,'0e01938fc48a2cfb5f2217fbfb00722d','072b030ba126b2f4b2374f342be9ed44','c16a5320fa475530d9583c34fd356ef5',22,'2025-04-13 00:00:00','','2025-04-13 00:00:00','gabriela','2025-02-10 01:03:13','gabriela'),(286,'16a5cdae362b8d27a1d8f8c7b78b4330','072b030ba126b2f4b2374f342be9ed44','17e62166fc8586dfa4d1bc0e1742c08b',23,'2025-04-14 00:00:00','','2025-04-14 00:00:00','benjaminf','2025-02-10 01:03:13','benjaminf'),(287,'918317b57931b6b7a7d29490fe5ec9f9','072b030ba126b2f4b2374f342be9ed44','a5771bce93e200c36f7cd9dfd0e5deaa',24,'2025-04-15 00:00:00','','2025-04-15 00:00:00','ariar','2025-02-10 01:03:13','ariar'),(288,'48aedb8880cab8c45637abc7493ecddd','7f39f8317fbdb1988ef4c628eba02591','182be0c5cdcd5072bb1864cdee4d3d6e',35,'2025-04-03 00:00:00','','2025-04-03 00:00:00','carterb','2025-02-10 01:03:13','carterb'),(289,'839ab46820b524afda05122893c2fe8e','7f39f8317fbdb1988ef4c628eba02591','d3d9446802a44259755d38e6d163e820',36,'2025-04-04 00:00:00','','2025-04-04 00:00:00','isabellad','2025-02-10 01:03:13','isabellad'),(291,'9c838d2e45b2ad1094d42f4ef36764f6','7f39f8317fbdb1988ef4c628eba02591','182be0c5cdcd5072bb1864cdee4d3d6e',38,'2025-04-06 00:00:00','','2025-04-06 00:00:00','carterb','2025-02-10 01:03:13','carterb'),(294,'6883966fd8f918a4aa29be29d2c386fb','7f39f8317fbdb1988ef4c628eba02591','8e296a067a37563370ded05f5a3bf3ec',41,'2025-04-09 00:00:00','','2025-04-09 00:00:00','harpere','2025-02-10 01:03:13','harpere');
/*!40000 ALTER TABLE `bids` ENABLE KEYS */;
UNLOCK TABLES;
/*!50003 SET @saved_cs_client      = @@character_set_client */ ;
/*!50003 SET @saved_cs_results     = @@character_set_results */ ;
/*!50003 SET @saved_col_connection = @@collation_connection */ ;
/*!50003 SET character_set_client  = utf8mb4 */ ;
/*!50003 SET character_set_results = utf8mb4 */ ;
/*!50003 SET collation_connection  = utf8mb4_unicode_ci */ ;
/*!50003 SET @saved_sql_mode       = @@sql_mode */ ;
/*!50003 SET sql_mode              = 'NO_AUTO_VALUE_ON_ZERO' */ ;
DELIMITER ;;
/*!50003 CREATE*/ /*!50017 DEFINER=`root`@`localhost`*/ /*!50003 TRIGGER `ti_bids` BEFORE INSERT ON `bids` FOR EACH ROW BEGIN
  DECLARE lastid INT;
  SET lastid=(SELECT IFNULL(MAX(No),0)+1 FROM bids);
  SET NEW.id = MD5(lastid);
END */;;
DELIMITER ;
/*!50003 SET sql_mode              = @saved_sql_mode */ ;
/*!50003 SET character_set_client  = @saved_cs_client */ ;
/*!50003 SET character_set_results = @saved_cs_results */ ;
/*!50003 SET collation_connection  = @saved_col_connection */ ;

--
-- Table structure for table `categories`
--

DROP TABLE IF EXISTS `categories`;
/*!40101 SET @saved_cs_client     = @@character_set_client */;
/*!50503 SET character_set_client = utf8mb4 */;
CREATE TABLE `categories` (
  `no` int NOT NULL AUTO_INCREMENT,
  `id` varchar(128) COLLATE utf8mb4_general_ci NOT NULL DEFAULT '0',
  `name` varchar(100) COLLATE utf8mb4_general_ci NOT NULL,
  `created_at` timestamp NULL DEFAULT CURRENT_TIMESTAMP,
  `created_by` varchar(25) COLLATE utf8mb4_general_ci DEFAULT NULL,
  `updated_at` timestamp NULL DEFAULT CURRENT_TIMESTAMP,
  `updated_by` varchar(25) COLLATE utf8mb4_general_ci DEFAULT NULL,
  PRIMARY KEY (`no`),
  UNIQUE KEY `no_UNIQUE` (`no`),
  UNIQUE KEY `id_UNIQUE` (`id`)
) ENGINE=InnoDB AUTO_INCREMENT=6 DEFAULT CHARSET=utf8mb4 COLLATE=utf8mb4_general_ci;
/*!40101 SET character_set_client = @saved_cs_client */;

--
-- Dumping data for table `categories`
--

LOCK TABLES `categories` WRITE;
/*!40000 ALTER TABLE `categories` DISABLE KEYS */;
INSERT INTO `categories` VALUES (1,'c4ca4238a0b923820dcc509a6f75849b','Electronic','2025-02-06 04:18:00','admin','2025-02-06 04:18:00','admin'),(2,'c81e728d9d4c2f636f067f89cc14862c','Motors','2025-02-06 04:18:00','admin','2025-02-06 04:18:00','admin'),(3,'eccbc87e4b5ce2fe28308fd9f2a7baf3','Sports','2025-02-06 04:18:00','admin','2025-02-06 04:18:00','admin'),(4,'a87ff679a2f3e71d9181a67b7542122c','Fashion','2025-02-06 04:18:23','admin','2025-02-06 04:18:23','admin'),(5,'e4da3b7fbbce2345d7772b0674a318d5','Home','2025-02-08 07:14:20','admin','2025-02-08 07:14:20','admin');
/*!40000 ALTER TABLE `categories` ENABLE KEYS */;
UNLOCK TABLES;
/*!50003 SET @saved_cs_client      = @@character_set_client */ ;
/*!50003 SET @saved_cs_results     = @@character_set_results */ ;
/*!50003 SET @saved_col_connection = @@collation_connection */ ;
/*!50003 SET character_set_client  = utf8mb4 */ ;
/*!50003 SET character_set_results = utf8mb4 */ ;
/*!50003 SET collation_connection  = utf8mb4_0900_ai_ci */ ;
/*!50003 SET @saved_sql_mode       = @@sql_mode */ ;
/*!50003 SET sql_mode              = 'NO_AUTO_VALUE_ON_ZERO' */ ;
DELIMITER ;;
/*!50003 CREATE*/ /*!50017 DEFINER=`root`@`localhost`*/ /*!50003 TRIGGER `ti_categories` BEFORE INSERT ON `categories` FOR EACH ROW BEGIN
  DECLARE lastid INT;
  SET lastid=(SELECT IFNULL(MAX(No),0)+1 FROM categories);
  SET NEW.id = MD5(lastid);
END */;;
DELIMITER ;
/*!50003 SET sql_mode              = @saved_sql_mode */ ;
/*!50003 SET character_set_client  = @saved_cs_client */ ;
/*!50003 SET character_set_results = @saved_cs_results */ ;
/*!50003 SET collation_connection  = @saved_col_connection */ ;

--
-- Table structure for table `currencies`
--

DROP TABLE IF EXISTS `currencies`;
/*!40101 SET @saved_cs_client     = @@character_set_client */;
/*!50503 SET character_set_client = utf8mb4 */;
CREATE TABLE `currencies` (
  `no` int NOT NULL AUTO_INCREMENT,
  `id` varchar(128) COLLATE utf8mb4_general_ci NOT NULL DEFAULT '0',
  `name` varchar(45) COLLATE utf8mb4_general_ci NOT NULL,
  `code` varchar(10) COLLATE utf8mb4_general_ci NOT NULL,
  `created_at` timestamp NULL DEFAULT CURRENT_TIMESTAMP,
  `created_by` varchar(25) COLLATE utf8mb4_general_ci DEFAULT NULL,
  `updated_at` timestamp NULL DEFAULT CURRENT_TIMESTAMP,
  `updated_by` varchar(25) COLLATE utf8mb4_general_ci DEFAULT NULL,
  PRIMARY KEY (`no`),
  UNIQUE KEY `no_UNIQUE` (`no`),
  UNIQUE KEY `id_UNIQUE` (`id`)
) ENGINE=InnoDB AUTO_INCREMENT=3 DEFAULT CHARSET=utf8mb4 COLLATE=utf8mb4_general_ci;
/*!40101 SET character_set_client = @saved_cs_client */;

--
-- Dumping data for table `currencies`
--

LOCK TABLES `currencies` WRITE;
/*!40000 ALTER TABLE `currencies` DISABLE KEYS */;
INSERT INTO `currencies` VALUES (1,'c4ca4238a0b923820dcc509a6f75849b','Rupiah','Rp','2025-02-06 04:20:36','admin','2025-02-06 04:20:36','admin'),(2,'c81e728d9d4c2f636f067f89cc14862c','US Dollar','$','2025-02-06 04:20:36','admin','2025-02-06 04:20:36','admin');
/*!40000 ALTER TABLE `currencies` ENABLE KEYS */;
UNLOCK TABLES;
/*!50003 SET @saved_cs_client      = @@character_set_client */ ;
/*!50003 SET @saved_cs_results     = @@character_set_results */ ;
/*!50003 SET @saved_col_connection = @@collation_connection */ ;
/*!50003 SET character_set_client  = utf8mb4 */ ;
/*!50003 SET character_set_results = utf8mb4 */ ;
/*!50003 SET collation_connection  = utf8mb4_0900_ai_ci */ ;
/*!50003 SET @saved_sql_mode       = @@sql_mode */ ;
/*!50003 SET sql_mode              = 'NO_AUTO_VALUE_ON_ZERO' */ ;
DELIMITER ;;
/*!50003 CREATE*/ /*!50017 DEFINER=`root`@`localhost`*/ /*!50003 TRIGGER `ti_currency` BEFORE INSERT ON `currencies` FOR EACH ROW BEGIN
  DECLARE lastid INT;
  SET lastid=(SELECT IFNULL(MAX(No),0)+1 FROM currency);
  SET NEW.id = MD5(lastid);
END */;;
DELIMITER ;
/*!50003 SET sql_mode              = @saved_sql_mode */ ;
/*!50003 SET character_set_client  = @saved_cs_client */ ;
/*!50003 SET character_set_results = @saved_cs_results */ ;
/*!50003 SET collation_connection  = @saved_col_connection */ ;

--
-- Table structure for table `gender`
--

DROP TABLE IF EXISTS `gender`;
/*!40101 SET @saved_cs_client     = @@character_set_client */;
/*!50503 SET character_set_client = utf8mb4 */;
CREATE TABLE `gender` (
  `no` int NOT NULL AUTO_INCREMENT,
  `id` varchar(128) COLLATE utf8mb4_general_ci NOT NULL DEFAULT '0',
  `name` varchar(25) COLLATE utf8mb4_general_ci NOT NULL,
  `created_at` timestamp NULL DEFAULT CURRENT_TIMESTAMP,
  `created_by` varchar(25) COLLATE utf8mb4_general_ci DEFAULT NULL,
  `updated_at` timestamp NULL DEFAULT CURRENT_TIMESTAMP,
  `updated_by` varchar(25) COLLATE utf8mb4_general_ci DEFAULT NULL,
  PRIMARY KEY (`no`),
  UNIQUE KEY `no_UNIQUE` (`no`),
  UNIQUE KEY `id_UNIQUE` (`id`)
) ENGINE=InnoDB AUTO_INCREMENT=7 DEFAULT CHARSET=utf8mb4 COLLATE=utf8mb4_general_ci;
/*!40101 SET character_set_client = @saved_cs_client */;

--
-- Dumping data for table `gender`
--

LOCK TABLES `gender` WRITE;
/*!40000 ALTER TABLE `gender` DISABLE KEYS */;
INSERT INTO `gender` VALUES (1,'c4ca4238a0b923820dcc509a6f75849b','Men','2025-02-06 04:22:02','admin','2025-02-06 04:22:02','admin'),(2,'c81e728d9d4c2f636f067f89cc14862c','Women','2025-02-06 04:22:02','admin','2025-02-06 04:22:02','admin'),(3,'eccbc87e4b5ce2fe28308fd9f2a7baf3','Girl','2025-02-06 04:22:02','admin','2025-02-06 04:22:02','admin'),(4,'a87ff679a2f3e71d9181a67b7542122c','Boy','2025-02-06 04:22:02','admin','2025-02-06 04:22:02','admin'),(5,'e4da3b7fbbce2345d7772b0674a318d5','Unisex Adult','2025-02-06 04:22:02','admin','2025-02-06 04:22:02','admin'),(6,'1679091c5a880faf6fb5e6087eb1b2dc','Unisex Children','2025-02-06 04:22:02','admin','2025-02-06 04:22:02','admin');
/*!40000 ALTER TABLE `gender` ENABLE KEYS */;
UNLOCK TABLES;
/*!50003 SET @saved_cs_client      = @@character_set_client */ ;
/*!50003 SET @saved_cs_results     = @@character_set_results */ ;
/*!50003 SET @saved_col_connection = @@collation_connection */ ;
/*!50003 SET character_set_client  = utf8mb4 */ ;
/*!50003 SET character_set_results = utf8mb4 */ ;
/*!50003 SET collation_connection  = utf8mb4_0900_ai_ci */ ;
/*!50003 SET @saved_sql_mode       = @@sql_mode */ ;
/*!50003 SET sql_mode              = 'NO_AUTO_VALUE_ON_ZERO' */ ;
DELIMITER ;;
/*!50003 CREATE*/ /*!50017 DEFINER=`root`@`localhost`*/ /*!50003 TRIGGER `ti_gender` BEFORE INSERT ON `gender` FOR EACH ROW BEGIN
  DECLARE lastid INT;
  SET lastid=(SELECT IFNULL(MAX(No),0)+1 FROM gender);
  SET NEW.id = MD5(lastid);
END */;;
DELIMITER ;
/*!50003 SET sql_mode              = @saved_sql_mode */ ;
/*!50003 SET character_set_client  = @saved_cs_client */ ;
/*!50003 SET character_set_results = @saved_cs_results */ ;
/*!50003 SET collation_connection  = @saved_col_connection */ ;

--
-- Table structure for table `items`
--

DROP TABLE IF EXISTS `items`;
/*!40101 SET @saved_cs_client     = @@character_set_client */;
/*!50503 SET character_set_client = utf8mb4 */;
CREATE TABLE `items` (
  `no` int NOT NULL AUTO_INCREMENT,
  `id` varchar(128) COLLATE utf8mb4_general_ci NOT NULL DEFAULT '0',
  `user_id` varchar(128) COLLATE utf8mb4_general_ci NOT NULL,
  `name` varchar(100) COLLATE utf8mb4_general_ci NOT NULL,
  `description` text COLLATE utf8mb4_general_ci NOT NULL,
  `photo` varchar(300) COLLATE utf8mb4_general_ci NOT NULL DEFAULT '/assets/images/products/no-image.jpg',
  `category_id` varchar(128) COLLATE utf8mb4_general_ci NOT NULL DEFAULT ' ',
  `size` varchar(25) COLLATE utf8mb4_general_ci DEFAULT ' ',
  `color` varchar(25) COLLATE utf8mb4_general_ci DEFAULT ' ',
  `brand` varchar(50) COLLATE utf8mb4_general_ci DEFAULT ' ',
  `gender_id` varchar(128) COLLATE utf8mb4_general_ci DEFAULT ' ',
  `condition` int NOT NULL DEFAULT '1',
  `format` varchar(25) COLLATE utf8mb4_general_ci NOT NULL DEFAULT 'A',
  `date` timestamp NOT NULL DEFAULT CURRENT_TIMESTAMP,
  `duration` int DEFAULT '1' COMMENT 'days (3,5,7,10)',
  `open_bid` decimal(10,0) NOT NULL DEFAULT '1',
  `buy_it_now` int NOT NULL DEFAULT '0',
  `currency_id` varchar(128) COLLATE utf8mb4_general_ci NOT NULL,
  `status` varchar(1) COLLATE utf8mb4_general_ci NOT NULL DEFAULT 'O' COMMENT 'O=open,C=close',
  `created_at` timestamp NULL DEFAULT CURRENT_TIMESTAMP,
  `created_by` varchar(25) COLLATE utf8mb4_general_ci DEFAULT NULL,
  `updated_at` timestamp NULL DEFAULT CURRENT_TIMESTAMP,
  `updated_by` varchar(25) COLLATE utf8mb4_general_ci DEFAULT NULL,
  PRIMARY KEY (`no`),
  UNIQUE KEY `no_UNIQUE` (`no`),
  UNIQUE KEY `id_UNIQUE` (`id`)
) ENGINE=InnoDB AUTO_INCREMENT=195 DEFAULT CHARSET=utf8mb4 COLLATE=utf8mb4_general_ci;
/*!40101 SET character_set_client = @saved_cs_client */;

--
-- Dumping data for table `items`
--

LOCK TABLES `items` WRITE;
/*!40000 ALTER TABLE `items` DISABLE KEYS */;
INSERT INTO `items` VALUES (6,'1679091c5a880faf6fb5e6087eb1b2dc','c4ca4238a0b923820dcc509a6f75849b','Calvin Klein CK One','CK One by Calvin Klein is a classic unisex fragrance, known for its fresh and clean scent. It\'s a versatile fragrance suitable for everyday wear.','https://cdn.dummyjson.com/products/images/fragrances/Calvin%20Klein%20CK%20One/1.png','a87ff679a2f3e71d9181a67b7542122c','','','Calvin Klein','',1,'A','2025-02-07 00:00:00',3,50,0,'c81e728d9d4c2f636f067f89cc14862c','','2025-02-07 00:00:00','viky','2025-02-10 01:03:06','viky'),(7,'8f14e45fceea167a5a36dedd4bea2543','a87ff679a2f3e71d9181a67b7542122c','Chanel Coco Noir Eau De','Coco Noir by Chanel is an elegant and mysterious fragrance, featuring notes of grapefruit, rose, and sandalwood. Perfect for evening occasions.','https://cdn.dummyjson.com/products/images/fragrances/Chanel%20Coco%20Noir%20Eau%20De/1.png','a87ff679a2f3e71d9181a67b7542122c','','','Chanel','',1,'A','2025-02-08 00:00:00',5,130,0,'c81e728d9d4c2f636f067f89cc14862c','','2025-02-08 00:00:00','jamesd','2025-02-10 01:03:06','jamesd'),(8,'c9f0f895fb98ab9159f51fd0297e236d','45c48cce2e2d7fbdea1afc51c7c6ad26','Dior J\'adore','J\'adore by Dior is a luxurious and floral fragrance, known for its blend of ylang-ylang, rose, and jasmine. It embodies femininity and sophistication.','https://cdn.dummyjson.com/products/images/fragrances/Dior%20J\'adore/1.png','a87ff679a2f3e71d9181a67b7542122c','','','Dior','',1,'A','2025-02-09 00:00:00',7,90,0,'c81e728d9d4c2f636f067f89cc14862c','','2025-02-09 00:00:00','ethanm','2025-02-10 01:03:06','ethanm'),(9,'45c48cce2e2d7fbdea1afc51c7c6ad26','c74d97b01eae257e44aa9d5bade97baf','Dolce Shine Eau de','Dolce Shine by Dolce & Gabbana is a vibrant and fruity fragrance, featuring notes of mango, jasmine, and blonde woods. It\'s a joyful and youthful scent.','https://cdn.dummyjson.com/products/images/fragrances/Dolce%20Shine%20Eau%20de/1.png','a87ff679a2f3e71d9181a67b7542122c','','','Dolce & Gabbana','',1,'A','2025-02-10 00:00:00',10,70,0,'c81e728d9d4c2f636f067f89cc14862c','','2025-02-10 00:00:00','averyp','2025-02-10 01:03:06','averyp'),(10,'d3d9446802a44259755d38e6d163e820','4e732ced3463d06de0ca9a15b6153677','Gucci Bloom Eau de','Gucci Bloom by Gucci is a floral and captivating fragrance, with notes of tuberose, jasmine, and Rangoon creeper. It\'s a modern and romantic scent.','https://cdn.dummyjson.com/products/images/fragrances/Gucci%20Bloom%20Eau%20de/1.png','a87ff679a2f3e71d9181a67b7542122c','','','Gucci','',1,'A','2025-02-11 00:00:00',3,80,0,'c81e728d9d4c2f636f067f89cc14862c','','2025-02-11 00:00:00','evelyng','2025-02-10 01:03:07','evelyng'),(11,'6512bd43d9caa6e02c990b0a82652dca','6ea9ab1baa0efb9e19094440c317e21b','Annibale Colombo Bed','The Annibale Colombo Bed is a luxurious and elegant bed frame, crafted with high-quality materials for a comfortable and stylish bedroom.','https://cdn.dummyjson.com/products/images/furniture/Annibale%20Colombo%20Bed/1.png','e4da3b7fbbce2345d7772b0674a318d5','','','Annibale Colombo','',1,'A','2025-02-12 00:00:00',5,1900,0,'c81e728d9d4c2f636f067f89cc14862c','','2025-02-12 00:00:00','henryh','2025-02-10 01:03:07','henryh'),(12,'c20ad4d76fe97759aa27a0c99bff6710','e369853df766fa44e1ed0ff613f563bd','Annibale Colombo Sofa','The Annibale Colombo Sofa is a sophisticated and comfortable seating option, featuring exquisite design and premium upholstery for your living room.','https://cdn.dummyjson.com/products/images/furniture/Annibale%20Colombo%20Sofa/1.png','e4da3b7fbbce2345d7772b0674a318d5','','','Annibale Colombo','',1,'A','2025-02-13 00:00:00',7,2500,0,'c81e728d9d4c2f636f067f89cc14862c','','2025-02-13 00:00:00','sofiam','2025-02-10 01:03:07','sofiam'),(13,'c51ce410c124a10e0db5e4b97fc2af39','3416a75f4cea9109507cacd8e2f2aefc','Bedside Table African Cherry','The Bedside Table in African Cherry is a stylish and functional addition to your bedroom, providing convenient storage space and a touch of elegance.','https://cdn.dummyjson.com/products/images/furniture/Bedside%20Table%20African%20Cherry/1.png','e4da3b7fbbce2345d7772b0674a318d5','','','Furniture Co.','',1,'A','2025-02-14 00:00:00',10,300,0,'c81e728d9d4c2f636f067f89cc14862c','','2025-02-14 00:00:00','evanr','2025-02-10 01:03:08','evanr'),(14,'aab3238922bcc25a6f606eb525ffdc56','c4ca4238a0b923820dcc509a6f75849b','Knoll Saarinen Executive Conference Chair','The Knoll Saarinen Executive Conference Chair is a modern and ergonomic chair, perfect for your office or conference room with its timeless design.','https://cdn.dummyjson.com/products/images/furniture/Knoll%20Saarinen%20Executive%20Conference%20Chair/1.png','e4da3b7fbbce2345d7772b0674a318d5','','','Knoll','',1,'A','2025-02-15 00:00:00',3,500,0,'c81e728d9d4c2f636f067f89cc14862c','','2025-02-15 00:00:00','viky','2025-02-10 01:03:08','viky'),(15,'9bf31c7ff062936a96d3c8bd1f8f2ff3','a87ff679a2f3e71d9181a67b7542122c','Wooden Bathroom Sink With Mirror','The Wooden Bathroom Sink with Mirror is a unique and stylish addition to your bathroom, featuring a wooden sink countertop and a matching mirror.','https://cdn.dummyjson.com/products/images/furniture/Wooden%20Bathroom%20Sink%20With%20Mirror/1.png','e4da3b7fbbce2345d7772b0674a318d5','','','Bath Trends','',1,'A','2025-02-16 00:00:00',5,800,0,'c81e728d9d4c2f636f067f89cc14862c','','2025-02-16 00:00:00','jamesd','2025-02-10 01:03:08','jamesd'),(43,'17e62166fc8586dfa4d1bc0e1742c08b','45c48cce2e2d7fbdea1afc51c7c6ad26','Decoration Swing','The Decoration Swing is a charming addition to your home decor. Crafted with intricate details, it adds a touch of elegance and whimsy to any room.','https://cdn.dummyjson.com/products/images/home-decoration/Decoration%20Swing/1.png','e4da3b7fbbce2345d7772b0674a318d5','','','','',1,'A','2025-03-16 00:00:00',7,60,0,'c81e728d9d4c2f636f067f89cc14862c','','2025-03-16 00:00:00','ethanm','2025-02-10 01:03:08','ethanm'),(44,'f7177163c833dff4b38fc8d2872f1ec6','c74d97b01eae257e44aa9d5bade97baf','Family Tree Photo Frame','The Family Tree Photo Frame is a sentimental and stylish way to display your cherished family memories. With multiple photo slots, it tells the story of your loved ones.','https://cdn.dummyjson.com/products/images/home-decoration/Family%20Tree%20Photo%20Frame/1.png','e4da3b7fbbce2345d7772b0674a318d5','','','','',1,'A','2025-03-17 00:00:00',10,30,0,'c81e728d9d4c2f636f067f89cc14862c','','2025-03-17 00:00:00','averyp','2025-02-10 01:03:09','averyp'),(45,'6c8349cc7260ae62e3b1396831a8398f','4e732ced3463d06de0ca9a15b6153677','House Showpiece Plant','The House Showpiece Plant is an artificial plant that brings a touch of nature to your home without the need for maintenance. It adds greenery and style to any space.','https://cdn.dummyjson.com/products/images/home-decoration/House%20Showpiece%20Plant/1.png','e4da3b7fbbce2345d7772b0674a318d5','','','','',1,'A','2025-03-18 00:00:00',3,40,0,'c81e728d9d4c2f636f067f89cc14862c','','2025-03-18 00:00:00','evelyng','2025-02-10 01:03:09','evelyng'),(46,'d9d4f495e875a2e075a1a4a6e1b9770f','6ea9ab1baa0efb9e19094440c317e21b','Plant Pot','The Plant Pot is a stylish container for your favorite plants. With a sleek design, it complements your indoor or outdoor garden, adding a modern touch to your plant display.','https://cdn.dummyjson.com/products/images/home-decoration/Plant%20Pot/1.png','e4da3b7fbbce2345d7772b0674a318d5','','','','',1,'A','2025-03-19 00:00:00',5,15,0,'c81e728d9d4c2f636f067f89cc14862c','','2025-03-19 00:00:00','henryh','2025-02-10 01:03:09','henryh'),(47,'67c6a1e7ce56d3d6fa748ab6d9af3fd7','e369853df766fa44e1ed0ff613f563bd','Table Lamp','The Table Lamp is a functional and decorative lighting solution for your living space. With a modern design, it provides both ambient and task lighting, enhancing the atmosphere.','https://cdn.dummyjson.com/products/images/home-decoration/Table%20Lamp/1.png','e4da3b7fbbce2345d7772b0674a318d5','','','','',1,'A','2025-03-20 00:00:00',7,50,0,'c81e728d9d4c2f636f067f89cc14862c','','2025-03-20 00:00:00','sofiam','2025-02-10 01:03:09','sofiam'),(48,'642e92efb79421734881b53e1e1b18b6','3416a75f4cea9109507cacd8e2f2aefc','Bamboo Spatula','The Bamboo Spatula is a versatile kitchen tool made from eco-friendly bamboo. Ideal for flipping, stirring, and serving various dishes.','https://cdn.dummyjson.com/products/images/kitchen-accessories/Bamboo%20Spatula/1.png','e4da3b7fbbce2345d7772b0674a318d5','','','','',1,'A','2025-03-21 00:00:00',10,8,0,'c81e728d9d4c2f636f067f89cc14862c','','2025-03-21 00:00:00','evanr','2025-02-10 01:03:10','evanr'),(49,'f457c545a9ded88f18ecee47145a72c0','c4ca4238a0b923820dcc509a6f75849b','Black Aluminium Cup','The Black Aluminium Cup is a stylish and durable cup suitable for both hot and cold beverages. Its sleek black design adds a modern touch to your drinkware collection.','https://cdn.dummyjson.com/products/images/kitchen-accessories/Black%20Aluminium%20Cup/1.png','e4da3b7fbbce2345d7772b0674a318d5','','','','',1,'A','2025-03-22 00:00:00',3,6,0,'c81e728d9d4c2f636f067f89cc14862c','','2025-03-22 00:00:00','viky','2025-02-10 01:03:10','viky'),(50,'c0c7c76d30bd3dcaefc96f40275bdc0a','a87ff679a2f3e71d9181a67b7542122c','Black Whisk','The Black Whisk is a kitchen essential for whisking and beating ingredients. Its ergonomic handle and sleek design make it a practical and stylish tool.','https://cdn.dummyjson.com/products/images/kitchen-accessories/Black%20Whisk/1.png','e4da3b7fbbce2345d7772b0674a318d5','','','','',1,'A','2025-03-23 00:00:00',5,10,0,'c81e728d9d4c2f636f067f89cc14862c','','2025-03-23 00:00:00','jamesd','2025-02-10 01:03:10','jamesd'),(51,'2838023a778dfaecdc212708f721b788','45c48cce2e2d7fbdea1afc51c7c6ad26','Boxed Blender','The Boxed Blender is a powerful and compact blender perfect for smoothies, shakes, and more. Its convenient design and multiple functions make it a versatile kitchen appliance.','https://cdn.dummyjson.com/products/images/kitchen-accessories/Boxed%20Blender/1.png','e4da3b7fbbce2345d7772b0674a318d5','','','','',1,'A','2025-03-24 00:00:00',7,40,0,'c81e728d9d4c2f636f067f89cc14862c','','2025-03-24 00:00:00','ethanm','2025-02-10 01:03:10','ethanm'),(52,'9a1158154dfa42caddbd0694a4e9bdc8','c74d97b01eae257e44aa9d5bade97baf','Carbon Steel Wok','The Carbon Steel Wok is a versatile cooking pan suitable for stir-frying, sauting, and deep frying. Its sturdy construction ensures even heat distribution for delicious meals.','https://cdn.dummyjson.com/products/images/kitchen-accessories/Carbon%20Steel%20Wok/1.png','e4da3b7fbbce2345d7772b0674a318d5','','','','',1,'A','2025-03-25 00:00:00',10,30,0,'c81e728d9d4c2f636f067f89cc14862c','','2025-03-25 00:00:00','averyp','2025-02-10 01:03:11','averyp'),(53,'d82c8d1619ad8176d665453cfb2e55f0','4e732ced3463d06de0ca9a15b6153677','Chopping Board','The Chopping Board is an essential kitchen accessory for food preparation. Made from durable material, it provides a safe and hygienic surface for cutting and chopping.','https://cdn.dummyjson.com/products/images/kitchen-accessories/Chopping%20Board/1.png','e4da3b7fbbce2345d7772b0674a318d5','','','','',1,'A','2025-03-26 00:00:00',3,13,0,'c81e728d9d4c2f636f067f89cc14862c','','2025-03-26 00:00:00','evelyng','2025-02-10 01:03:11','evelyng'),(54,'a684eceee76fc522773286a895bc8436','6ea9ab1baa0efb9e19094440c317e21b','Citrus Squeezer Yellow','The Citrus Squeezer in Yellow is a handy tool for extracting juice from citrus fruits. Its vibrant color adds a cheerful touch to your kitchen gadgets.','https://cdn.dummyjson.com/products/images/kitchen-accessories/Citrus%20Squeezer%20Yellow/1.png','e4da3b7fbbce2345d7772b0674a318d5','','','','',1,'A','2025-03-27 00:00:00',5,9,0,'c81e728d9d4c2f636f067f89cc14862c','','2025-03-27 00:00:00','henryh','2025-02-10 01:03:11','henryh'),(55,'b53b3a3d6ab90ce0268229151c9bde11','e369853df766fa44e1ed0ff613f563bd','Egg Slicer','The Egg Slicer is a convenient tool for slicing boiled eggs evenly. It\'s perfect for salads, sandwiches, and other dishes where sliced eggs are desired.','https://cdn.dummyjson.com/products/images/kitchen-accessories/Egg%20Slicer/1.png','e4da3b7fbbce2345d7772b0674a318d5','','','','',1,'A','2025-03-28 00:00:00',7,7,0,'c81e728d9d4c2f636f067f89cc14862c','','2025-03-28 00:00:00','sofiam','2025-02-10 01:03:11','sofiam'),(56,'9f61408e3afb633e50cdf1b20de6f466','3416a75f4cea9109507cacd8e2f2aefc','Electric Stove','The Electric Stove provides a portable and efficient cooking solution. Ideal for small kitchens or as an additional cooking surface for various culinary needs.','https://cdn.dummyjson.com/products/images/kitchen-accessories/Electric%20Stove/1.png','e4da3b7fbbce2345d7772b0674a318d5','','','','',1,'A','2025-03-29 00:00:00',10,50,0,'c81e728d9d4c2f636f067f89cc14862c','','2025-03-29 00:00:00','evanr','2025-02-10 01:03:12','evanr'),(57,'72b32a1f754ba1c09b3695e0cb6cde7f','c4ca4238a0b923820dcc509a6f75849b','Fine Mesh Strainer','The Fine Mesh Strainer is a versatile tool for straining liquids and sifting dry ingredients. Its fine mesh ensures efficient filtering for smooth cooking and baking.','https://cdn.dummyjson.com/products/images/kitchen-accessories/Fine%20Mesh%20Strainer/1.png','e4da3b7fbbce2345d7772b0674a318d5','','','','',1,'A','2025-03-30 00:00:00',3,10,0,'c81e728d9d4c2f636f067f89cc14862c','','2025-03-30 00:00:00','viky','2025-02-10 01:03:12','viky'),(58,'66f041e16a60928b05a7e228a89c3799','a87ff679a2f3e71d9181a67b7542122c','Fork','The Fork is a classic utensil for various dining and serving purposes. Its durable and ergonomic design makes it a reliable choice for everyday use.','https://cdn.dummyjson.com/products/images/kitchen-accessories/Fork/1.png','e4da3b7fbbce2345d7772b0674a318d5','','','','',1,'A','2025-03-31 00:00:00',5,4,0,'c81e728d9d4c2f636f067f89cc14862c','','2025-03-31 00:00:00','jamesd','2025-02-10 01:03:12','jamesd'),(59,'093f65e080a295f8076b1c5722a46aa2','45c48cce2e2d7fbdea1afc51c7c6ad26','Glass','The Glass is a versatile and elegant drinking vessel suitable for a variety of beverages. Its clear design allows you to enjoy the colors and textures of your drinks.','https://cdn.dummyjson.com/products/images/kitchen-accessories/Glass/1.png','e4da3b7fbbce2345d7772b0674a318d5','','','','',1,'A','2025-04-01 00:00:00',7,5,0,'c81e728d9d4c2f636f067f89cc14862c','','2025-04-01 00:00:00','ethanm','2025-02-10 01:03:12','ethanm'),(60,'072b030ba126b2f4b2374f342be9ed44','c74d97b01eae257e44aa9d5bade97baf','Grater Black','The Grater in Black is a handy kitchen tool for grating cheese, vegetables, and more. Its sleek design and sharp blades make food preparation efficient and easy.','https://cdn.dummyjson.com/products/images/kitchen-accessories/Grater%20Black/1.png','e4da3b7fbbce2345d7772b0674a318d5','','','','',1,'A','2025-04-02 00:00:00',10,11,0,'c81e728d9d4c2f636f067f89cc14862c','','2025-04-02 00:00:00','averyp','2025-02-10 01:03:13','averyp'),(61,'7f39f8317fbdb1988ef4c628eba02591','4e732ced3463d06de0ca9a15b6153677','Hand Blender','The Hand Blender is a versatile kitchen appliance for blending, pureeing, and mixing. Its compact design and powerful motor make it a convenient tool for various recipes.','https://cdn.dummyjson.com/products/images/kitchen-accessories/Hand%20Blender/1.png','e4da3b7fbbce2345d7772b0674a318d5','','','','',1,'A','2025-04-03 00:00:00',3,35,0,'c81e728d9d4c2f636f067f89cc14862c','','2025-04-03 00:00:00','evelyng','2025-02-10 01:03:13','evelyng');
/*!40000 ALTER TABLE `items` ENABLE KEYS */;
UNLOCK TABLES;
/*!50003 SET @saved_cs_client      = @@character_set_client */ ;
/*!50003 SET @saved_cs_results     = @@character_set_results */ ;
/*!50003 SET @saved_col_connection = @@collation_connection */ ;
/*!50003 SET character_set_client  = utf8mb3 */ ;
/*!50003 SET character_set_results = utf8mb3 */ ;
/*!50003 SET collation_connection  = utf8mb4_0900_ai_ci */ ;
/*!50003 SET @saved_sql_mode       = @@sql_mode */ ;
/*!50003 SET sql_mode              = 'NO_AUTO_VALUE_ON_ZERO' */ ;
DELIMITER ;;
/*!50003 CREATE*/ /*!50017 DEFINER=`root`@`localhost`*/ /*!50003 TRIGGER `ti_items` BEFORE INSERT ON `items` FOR EACH ROW BEGIN
  DECLARE lastid INT;
  SET lastid=(SELECT IFNULL(MAX(No),0)+1 FROM items);
  SET NEW.id = MD5(lastid);
END */;;
DELIMITER ;
/*!50003 SET sql_mode              = @saved_sql_mode */ ;
/*!50003 SET character_set_client  = @saved_cs_client */ ;
/*!50003 SET character_set_results = @saved_cs_results */ ;
/*!50003 SET collation_connection  = @saved_col_connection */ ;

--
-- Table structure for table `users`
--

DROP TABLE IF EXISTS `users`;
/*!40101 SET @saved_cs_client     = @@character_set_client */;
/*!50503 SET character_set_client = utf8mb4 */;
CREATE TABLE `users` (
  `no` int NOT NULL AUTO_INCREMENT,
  `id` varchar(128) COLLATE utf8mb4_general_ci NOT NULL DEFAULT '0',
  `username` varchar(25) COLLATE utf8mb4_general_ci NOT NULL,
  `email` varchar(45) COLLATE utf8mb4_general_ci NOT NULL,
  `password` varchar(128) COLLATE utf8mb4_general_ci NOT NULL,
  `name` varchar(75) COLLATE utf8mb4_general_ci NOT NULL,
  `phone` varchar(45) COLLATE utf8mb4_general_ci DEFAULT NULL,
  `level` varchar(15) COLLATE utf8mb4_general_ci NOT NULL DEFAULT 'user',
  `address_id` varchar(128) COLLATE utf8mb4_general_ci DEFAULT ' ',
  `status` varchar(1) COLLATE utf8mb4_general_ci NOT NULL DEFAULT 'A',
  `created_at` timestamp NULL DEFAULT CURRENT_TIMESTAMP,
  `created_by` varchar(25) COLLATE utf8mb4_general_ci DEFAULT NULL,
  `updated_at` timestamp NULL DEFAULT CURRENT_TIMESTAMP,
  `updated_by` varchar(25) COLLATE utf8mb4_general_ci DEFAULT NULL,
  PRIMARY KEY (`no`),
  UNIQUE KEY `id_UNIQUE` (`no`),
  UNIQUE KEY `username_UNIQUE` (`username`),
  UNIQUE KEY `email_UNIQUE` (`email`)
) ENGINE=InnoDB AUTO_INCREMENT=51 DEFAULT CHARSET=utf8mb4 COLLATE=utf8mb4_general_ci;
/*!40101 SET character_set_client = @saved_cs_client */;

--
-- Dumping data for table `users`
--

LOCK TABLES `users` WRITE;
/*!40000 ALTER TABLE `users` DISABLE KEYS */;
INSERT INTO `users` VALUES (1,'c4ca4238a0b923820dcc509a6f75849b','viky','vikyarifian@gmail.com','$2a$14$feD0JPLHWBC.vPq7oDrnRef1nap0x1LCepeBUsoi2lX0fRy7Q9bO2','viky','087764848332','admin',' ','A','2025-02-05 08:52:27','viky','2025-02-05 08:52:27','viky'),(2,'c81e728d9d4c2f636f067f89cc14862c','admin','admin@lawas.com','$2a$14$Ys80rgxjWM2ishoaN1Ftdu7mrOT2QwFlrWWWWS6ZIC6226OD1dmeK','admin','088','admin',' ','A','2025-02-07 03:31:28','admin','2025-02-07 03:31:28','admin'),(3,'eccbc87e4b5ce2fe28308fd9f2a7baf3','sophiab','sophia.brown@x.dummyjson.com','$2a$14$IK2G2m3XAnksH0U3pvfHcO.jFtU3p1qZCnCYen/xVBdJivd7iz1Lu','Sophia Brown',NULL,'user',' ','A','2025-02-08 07:05:15','admin','2025-02-08 14:05:16','admin'),(4,'a87ff679a2f3e71d9181a67b7542122c','jamesd','james.davis@x.dummyjson.com','$2a$14$MRkG1D.Apks3f2fGp0BtBea/o3R14Wx3mDcxtD78nD/7tK0MgbWau','James Davis',NULL,'user',' ','A','2025-02-08 07:05:16','admin','2025-02-08 14:05:17','admin'),(5,'e4da3b7fbbce2345d7772b0674a318d5','emmaj','emma.miller@x.dummyjson.com','$2a$14$mYAv.AfAH3WnWnLFJSbJLOAg.pX/NGH4qL39HSwJFMXLn9OX3X6nG','Emma Miller',NULL,'user',' ','A','2025-02-08 07:05:59','admin','2025-02-08 14:05:59','admin'),(6,'1679091c5a880faf6fb5e6087eb1b2dc','oliviaw','olivia.wilson@x.dummyjson.com','$2a$14$Ky9cgFs6puglddziD82yd.oDwSDqx.I1ynrpwnrMWW6TBTvXmXZm6','Olivia Wilson',NULL,'user',' ','A','2025-02-08 07:05:59','admin','2025-02-08 14:06:00','admin'),(7,'8f14e45fceea167a5a36dedd4bea2543','alexanderj','alexander.jones@x.dummyjson.com','$2a$14$szxcJSfNW9LA6uv5j4NsLeFW4jdSNgFlftbRYTrCAg5veRd/iNZd6','Alexander Jones',NULL,'user',' ','A','2025-02-08 07:06:00','admin','2025-02-08 14:06:01','admin'),(8,'c9f0f895fb98ab9159f51fd0297e236d','avat','ava.taylor@x.dummyjson.com','$2a$14$Z1piAVEgpBZVNl1lVzQMUOBwS9Sa4ay7jvBft9b3rIXgjK7t2Rfsa','Ava Taylor',NULL,'user',' ','A','2025-02-08 07:06:01','admin','2025-02-08 14:06:02','admin'),(9,'45c48cce2e2d7fbdea1afc51c7c6ad26','ethanm','ethan.martinez@x.dummyjson.com','$2a$14$mEX1h1heqLD/dBidZ7s7Tuzf85LOtwTEfBxNR2aX/E4a8HCHoRSnu','Ethan Martinez',NULL,'user',' ','A','2025-02-08 07:06:02','admin','2025-02-08 14:06:03','admin'),(10,'d3d9446802a44259755d38e6d163e820','isabellad','isabella.anderson@x.dummyjson.com','$2a$14$vjsO4rWhee4CX16LdcsRIulO8fa7BgclqY1zev0QlVzSQzFI788vW','Isabella Anderson',NULL,'user',' ','A','2025-02-08 07:06:03','admin','2025-02-08 14:06:03','admin'),(11,'6512bd43d9caa6e02c990b0a82652dca','liamg','liam.garcia@x.dummyjson.com','$2a$14$HReaqLUQVBAnTn0FYAEFG.9kMMjdwYVi841fbr0BGhOCo/4b0G8Jy','Liam Garcia',NULL,'user',' ','A','2025-02-08 07:06:04','admin','2025-02-08 14:06:04','admin'),(12,'c20ad4d76fe97759aa27a0c99bff6710','miar','mia.rodriguez@x.dummyjson.com','$2a$14$IcNukKu6WuKem8xYEKdgOukFPSRooJQOxSUxRegccPVjb4N1ZeXge','Mia Rodriguez',NULL,'user',' ','A','2025-02-08 07:06:05','admin','2025-02-08 14:06:05','admin'),(13,'c51ce410c124a10e0db5e4b97fc2af39','noahh','noah.hernandez@x.dummyjson.com','$2a$14$MXJ0WJ2exzj0uAd59iRWkOJyAWX9GR.afG9kR93.pTw5lqVzrdjj.','Noah Hernandez',NULL,'user',' ','A','2025-02-08 07:06:06','admin','2025-02-08 14:06:06','admin'),(14,'aab3238922bcc25a6f606eb525ffdc56','charlottem','charlotte.lopez@x.dummyjson.com','$2a$14$DX2hUCcbxjGxmGn47QEf4uNLKhTx3ve8oDOc2WZAGlT7ndTG4qc/2','Charlotte Lopez',NULL,'user',' ','A','2025-02-08 07:06:06','admin','2025-02-08 14:06:07','admin'),(15,'9bf31c7ff062936a96d3c8bd1f8f2ff3','williamg','william.gonzalez@x.dummyjson.com','$2a$14$UsI1za4pT9EXSujyYwjX1OFFq60sz9Dy7m6cr0FC8szIKmVATHOFu','William Gonzalez',NULL,'user',' ','A','2025-02-08 07:06:07','admin','2025-02-08 14:06:08','admin'),(16,'c74d97b01eae257e44aa9d5bade97baf','averyp','avery.perez@x.dummyjson.com','$2a$14$eKwPU8f4r2dOwUc6xONNcefrTLUhvkUmMkIT9iv8d1rs0RY1qr2Yi','Avery Perez',NULL,'user',' ','A','2025-02-08 07:06:08','admin','2025-02-08 14:06:09','admin'),(17,'70efdf2ec9b086079795c442636b55fb','evelyns','evelyn.sanchez@x.dummyjson.com','$2a$14$nEvswEEgLUOFmRb0hI99je54Yoylzcz9jwL0s9/BbMe7GXNACHOdK','Evelyn Sanchez',NULL,'user',' ','A','2025-02-08 07:06:09','admin','2025-02-08 14:06:09','admin'),(18,'6f4922f45568161a8cdf4ad2299f6d23','logant','logan.torres@x.dummyjson.com','$2a$14$JtSuEaVd0LUtNaqlHl5KUemKWjd.bY3rKAW9NK4BGC94DSSoy.Qoa','Logan Torres',NULL,'user',' ','A','2025-02-08 07:06:10','admin','2025-02-08 14:06:10','admin'),(19,'1f0e3dad99908345f7439f8ffabdffc4','abigailr','abigail.rivera@x.dummyjson.com','$2a$14$gNRVSM3FPNfoilyM96ynGOO0BcZV6IS9yF75VsQQ/BvFieBYDCY7K','Abigail Rivera',NULL,'user',' ','A','2025-02-08 07:06:11','admin','2025-02-08 14:06:11','admin'),(20,'98f13708210194c475687be6106a3b84','jacksone','jackson.evans@x.dummyjson.com','$2a$14$bwxWrX6sGHL/8gi.O4DnCesrm5QV2/oGhOLTqwLLQvAlDrXAfF64q','Jackson Evans',NULL,'user',' ','A','2025-02-08 07:06:11','admin','2025-02-08 14:06:12','admin'),(21,'3c59dc048e8850243be8079a5c74d079','madisonc','madison.collins@x.dummyjson.com','$2a$14$qUlSYDUmNIP3oMCLmSnJE.ouZsb8mrr73HOoZ9M2T9YuXe0kYS7Oi','Madison Collins',NULL,'user',' ','A','2025-02-08 07:06:12','admin','2025-02-08 14:06:13','admin'),(22,'b6d767d2f8ed5d21a44b0e5886680cb9','elijahs','elijah.stewart@x.dummyjson.com','$2a$14$.mufmxka6OQcgIJoHqYvwe19LxzNoyVIFoT9X7Et6E/CYKQ1cwSh6','Elijah Stewart',NULL,'user',' ','A','2025-02-08 07:06:13','admin','2025-02-08 14:06:14','admin'),(23,'37693cfc748049e45d87b8c7d8b9aacd','chloem','chloe.morales@x.dummyjson.com','$2a$14$Cz4dVkFTvM6mFaWwptY0H.QH/jtImIWPFDI.Tn69UvioPqLo6FV5q','Chloe Morales',NULL,'user',' ','A','2025-02-08 07:06:14','admin','2025-02-08 14:06:14','admin'),(24,'1ff1de774005f8da13f42943881c655f','mateon','mateo.nguyen@x.dummyjson.com','$2a$14$QrULA066W65OmhFMEcv7KuEnsEXepR3O16/dCCfQgfln/i8pT8WHK','Mateo Nguyen',NULL,'user',' ','A','2025-02-08 07:06:15','admin','2025-02-08 14:06:15','admin'),(25,'8e296a067a37563370ded05f5a3bf3ec','harpere','harper.kelly@x.dummyjson.com','$2a$14$dPtqH/S/okqxKVLTsW2K/uiXyNQZ8Yqd7dN3stFTIxiurWmdNILsq','Harper Kelly',NULL,'user',' ','A','2025-02-08 07:06:16','admin','2025-02-08 14:06:16','admin'),(26,'4e732ced3463d06de0ca9a15b6153677','evelyng','evelyn.gonzalez@x.dummyjson.com','$2a$14$VHaePSrFq1cuq5S.iJ6LkeaN.BUnI1uGaegJwcJGqRcuIOUJQXmpq','Evelyn Gonzalez',NULL,'user',' ','A','2025-02-08 07:06:16','admin','2025-02-08 14:06:17','admin'),(27,'02e74f10e0327ad868d138f2b4fdd6f0','danielc','daniel.cook@x.dummyjson.com','$2a$14$CYvrYMNh2UxruQTMyA7eJOpDJWOfAWoLd4uePXOit3EKdVF3b1nX6','Daniel Cook',NULL,'user',' ','A','2025-02-08 07:06:17','admin','2025-02-08 14:06:18','admin'),(28,'33e75ff09dd601bbe69f351039152189','lilyb','lily.lee@x.dummyjson.com','$2a$14$wvRIufjyR3/GTr6Ts8sML.dJgriQh4Zc7UyUcwStrDGuOX7mlmwfG','Lily Lee',NULL,'user',' ','A','2025-02-08 07:06:18','admin','2025-02-08 14:06:19','admin'),(29,'6ea9ab1baa0efb9e19094440c317e21b','henryh','henry.hill@x.dummyjson.com','$2a$14$/oivWzJ2ONmF4nCAxp75GeczfK9AuwHsuKwPZlDLX9adFQK0BUE4a','Henry Hill',NULL,'user',' ','A','2025-02-08 07:06:19','admin','2025-02-08 14:06:20','admin'),(30,'34173cb38f07f89ddbebc2ac9128303f','addisonw','addison.wright@x.dummyjson.com','$2a$14$ilPm8EXQihnUKivoja.qjOmpogeFwL9Nj3/3USYoJa1FOO5kEJxAS','Addison Wright',NULL,'user',' ','A','2025-02-08 07:06:20','admin','2025-02-08 14:06:20','admin'),(31,'c16a5320fa475530d9583c34fd356ef5','gabriela','gabriel.adams@x.dummyjson.com','$2a$14$.VidYZmqGn.Z462bqIwY9ucTzx96lM2JD9Wye9Sol5e5w0D.vLaYO','Gabriel Adams',NULL,'user',' ','A','2025-02-08 07:08:19','admin','2025-02-08 14:08:19','admin'),(32,'6364d3f0f495b6ab9dcf8d3b5c6e0b01','natalieh','natalie.harris@x.dummyjson.com','$2a$14$6Bsc8wJjDQkOx0IKKhJmcOHrXdfYzp1BllyynNrwvUY9nGGP/iQtS','Natalie Harris',NULL,'user',' ','A','2025-02-08 07:08:20','admin','2025-02-08 14:08:20','admin'),(33,'182be0c5cdcd5072bb1864cdee4d3d6e','carterb','carter.baker@x.dummyjson.com','$2a$14$iwFWnmyFVr4u8aQKN6ScwOgm3JazJGfBeOISuWNNM1umSHBUjCUYC','Carter Baker',NULL,'user',' ','A','2025-02-08 07:08:20','admin','2025-02-08 14:08:21','admin'),(34,'e369853df766fa44e1ed0ff613f563bd','sofiam','sofia.mitchell@x.dummyjson.com','$2a$14$TAI/RTTL.hEzPaRWproUhOSN7Is.MPBRR3VqkGQz4OYiqnaPL7uFm','Sofia Mitchell',NULL,'user',' ','A','2025-02-08 07:08:21','admin','2025-02-08 14:08:22','admin'),(35,'1c383cd30b7c298ab50293adfecb7b18','jackw','jack.ward@x.dummyjson.com','$2a$14$Owq1aieksg4de48um04aUeGKQHDB7oM2czhuhzVoDe8834HHF/2.S','Jack Ward',NULL,'user',' ','A','2025-02-08 07:08:22','admin','2025-02-08 14:08:23','admin'),(36,'19ca14e7ea6328a42e0eb13d585e4c22','harpert','harper.turner@x.dummyjson.com','$2a$14$uhFqlbnzFpc6OMtBhPnRR.ogGDrrau1k6yP78Bq3leLQb0ZQElISq','Harper Turner',NULL,'user',' ','A','2025-02-08 07:08:23','admin','2025-02-08 14:08:23','admin'),(37,'a5bfc9e07964f8dddeb95fc584cd965d','masonp','mason.parker@x.dummyjson.com','$2a$14$Uzs6W7XEC2WQ3kQwPOCnxuQe.0yf3OhS7DJ02OqqdhHmSyRXXJHsy','Mason Parker',NULL,'user',' ','A','2025-02-08 07:08:24','admin','2025-02-08 14:08:24','admin'),(38,'a5771bce93e200c36f7cd9dfd0e5deaa','ariar','aria.roberts@x.dummyjson.com','$2a$14$0aQutBognkej1ZTy6NYG9esaobn.0SydE5kdwE8TEqbo8GelDLOsK','Aria Roberts',NULL,'user',' ','A','2025-02-08 07:08:25','admin','2025-02-08 14:08:25','admin'),(39,'d67d8ab4f4c10bf22aa353e27879133c','lucasg','lucas.gray@x.dummyjson.com','$2a$14$aEpxscrpu/iCocEHQ87wWu8UqxP7RdP6ZHCn5/Md2/.hQUITX.Y2C','Lucas Gray',NULL,'user',' ','A','2025-02-08 07:08:26','admin','2025-02-08 14:08:26','admin'),(40,'d645920e395fedad7bbbed0eca3fe2e0','ellaa','ella.adams@x.dummyjson.com','$2a$14$LL28nKYlclCsoGVv06cMIes/Mr9oNqiFLJU/9idsZCOmbzVHp7lCi','Ella Adams',NULL,'user',' ','A','2025-02-08 07:08:26','admin','2025-02-08 14:08:27','admin'),(41,'3416a75f4cea9109507cacd8e2f2aefc','evanr','evan.reed@x.dummyjson.com','$2a$14$4U8gWOr9veTaDW8u0fAfPOhqwGtav4ka1AZPrVomE8AmvDiymquUC','Evan Reed',NULL,'user',' ','A','2025-02-08 07:08:27','admin','2025-02-08 14:08:28','admin'),(42,'a1d0c6e83f027327d8461063f4ac58a6','averyc','avery.carter@x.dummyjson.com','$2a$14$YFAg7z.eBUB1I0J4gBDsVulEvPrCAgs5dfIdvgSDjGmqn9fGHg7La','Avery Carter',NULL,'user',' ','A','2025-02-08 07:08:28','admin','2025-02-08 14:08:29','admin'),(43,'17e62166fc8586dfa4d1bc0e1742c08b','benjaminf','benjamin.foster@x.dummyjson.com','$2a$14$3k/81ERH/vOT7BTrP8/1vOHmCrGvGFTyLTPwMmKT5V3N6RHUg2lDO','Benjamin Foster',NULL,'user',' ','A','2025-02-08 07:08:29','admin','2025-02-08 14:08:29','admin'),(44,'f7177163c833dff4b38fc8d2872f1ec6','scarlettw','scarlett.wright@x.dummyjson.com','$2a$14$Y.P5yUjSJ9T0v7EjX0ZDBe9bYoe2/OpxVallWiWngGiMaYuG.x8gi','Scarlett Wright',NULL,'user',' ','A','2025-02-08 07:08:30','admin','2025-02-08 14:08:30','admin'),(45,'6c8349cc7260ae62e3b1396831a8398f','lincolnk','lincoln.kelly@x.dummyjson.com','$2a$14$ALU81pHQiLybhhz/2KY1oeTHng5YgAc/BuJFG8xF8lCmRF3nqUESi','Lincoln Kelly',NULL,'user',' ','A','2025-02-08 07:08:31','admin','2025-02-08 14:08:31','admin'),(46,'d9d4f495e875a2e075a1a4a6e1b9770f','hannahr','hannah.robinson@x.dummyjson.com','$2a$14$RDKsyVqq/3pLeDjkvlwQQugaTcE/iI.KdZNmYzkkaeOrSgtwA/d8O','Hannah Robinson',NULL,'user',' ','A','2025-02-08 07:08:31','admin','2025-02-08 14:08:32','admin'),(47,'67c6a1e7ce56d3d6fa748ab6d9af3fd7','nicholasb','nicholas.bailey@x.dummyjson.com','$2a$14$C0OPUNSAe/NE1W8cGh/hPuVn7E0jekECM2pXIvDDgsCGM4GrnRubK','Nicholas Bailey',NULL,'user',' ','A','2025-02-08 07:08:32','admin','2025-02-08 14:08:33','admin'),(48,'642e92efb79421734881b53e1e1b18b6','lunar','luna.russell@x.dummyjson.com','$2a$14$iH81NkjIBj/izSmzAxbxhuFvv51.w37fVVAU.hMRmuT9Do1yfWBh6','Luna Russell',NULL,'user',' ','A','2025-02-08 07:08:33','admin','2025-02-08 14:08:34','admin'),(49,'f457c545a9ded88f18ecee47145a72c0','jacobc','jacob.cooper@x.dummyjson.com','$2a$14$IBhm//LKCmUkmx8Ojqau2.i.PUu1OMXg9PNHSCDXiUt0ymYeAQupy','Jacob Cooper',NULL,'user',' ','A','2025-02-08 07:08:34','admin','2025-02-08 14:08:35','admin'),(50,'c0c7c76d30bd3dcaefc96f40275bdc0a','stellah','stella.hughes@x.dummyjson.com','$2a$14$PEnvPQ0bUGZ3/uheHRI8ceYjI3voZJvpYTlUZtGwDM3ZTs7IhXBGG','Stella Hughes',NULL,'user',' ','A','2025-02-08 07:08:35','admin','2025-02-08 14:08:35','admin');
/*!40000 ALTER TABLE `users` ENABLE KEYS */;
UNLOCK TABLES;
/*!50003 SET @saved_cs_client      = @@character_set_client */ ;
/*!50003 SET @saved_cs_results     = @@character_set_results */ ;
/*!50003 SET @saved_col_connection = @@collation_connection */ ;
/*!50003 SET character_set_client  = utf8mb3 */ ;
/*!50003 SET character_set_results = utf8mb3 */ ;
/*!50003 SET collation_connection  = utf8mb4_0900_ai_ci */ ;
/*!50003 SET @saved_sql_mode       = @@sql_mode */ ;
/*!50003 SET sql_mode              = 'NO_AUTO_VALUE_ON_ZERO' */ ;
DELIMITER ;;
/*!50003 CREATE*/ /*!50017 DEFINER=`root`@`%`*/ /*!50003 TRIGGER `ti_users` BEFORE INSERT ON `users` FOR EACH ROW BEGIN
  DECLARE lastid INT;
  SET lastid=(SELECT IFNULL(MAX(No),0)+1 FROM users);
  SET NEW.id = MD5(lastid);
END */;;
DELIMITER ;
/*!50003 SET sql_mode              = @saved_sql_mode */ ;
/*!50003 SET character_set_client  = @saved_cs_client */ ;
/*!50003 SET character_set_results = @saved_cs_results */ ;
/*!50003 SET collation_connection  = @saved_col_connection */ ;

--
-- Table structure for table `watchlists`
--

DROP TABLE IF EXISTS `watchlists`;
/*!40101 SET @saved_cs_client     = @@character_set_client */;
/*!50503 SET character_set_client = utf8mb4 */;
CREATE TABLE `watchlists` (
  `no` int NOT NULL AUTO_INCREMENT,
  `id` varchar(128) COLLATE utf8mb4_general_ci NOT NULL DEFAULT '0',
  `user_id` varchar(128) COLLATE utf8mb4_general_ci NOT NULL,
  `item_id` varchar(128) COLLATE utf8mb4_general_ci NOT NULL,
  `date` timestamp NOT NULL DEFAULT CURRENT_TIMESTAMP,
  `status` varchar(1) COLLATE utf8mb4_general_ci NOT NULL DEFAULT 'A',
  `created_at` timestamp NULL DEFAULT CURRENT_TIMESTAMP,
  `created_by` varchar(25) COLLATE utf8mb4_general_ci DEFAULT NULL,
  `updated_at` timestamp NULL DEFAULT CURRENT_TIMESTAMP,
  `updated_by` varchar(25) COLLATE utf8mb4_general_ci DEFAULT NULL,
  PRIMARY KEY (`no`),
  UNIQUE KEY `no_UNIQUE` (`no`),
  UNIQUE KEY `id_UNIQUE` (`id`)
) ENGINE=InnoDB AUTO_INCREMENT=2281 DEFAULT CHARSET=utf8mb4 COLLATE=utf8mb4_general_ci;
/*!40101 SET character_set_client = @saved_cs_client */;

--
-- Dumping data for table `watchlists`
--

LOCK TABLES `watchlists` WRITE;
/*!40000 ALTER TABLE `watchlists` DISABLE KEYS */;
INSERT INTO `watchlists` VALUES (1583,'c4ca4238a0b923820dcc509a6f75849b','c51ce410c124a10e0db5e4b97fc2af39','1679091c5a880faf6fb5e6087eb1b2dc','2025-02-07 00:00:00','','2025-02-07 00:00:00','liamg','2025-02-07 00:00:00','liamg'),(1584,'277281aada22045c03945dcb2ca6f2ec','6f4922f45568161a8cdf4ad2299f6d23','1679091c5a880faf6fb5e6087eb1b2dc','2025-02-08 00:00:00','','2025-02-08 00:00:00','averyp','2025-02-08 00:00:00','averyp'),(1585,'228499b55310264a8ea0e27b6e7c6ab6','70efdf2ec9b086079795c442636b55fb','1679091c5a880faf6fb5e6087eb1b2dc','2025-02-09 00:00:00','','2025-02-09 00:00:00','williamg','2025-02-09 00:00:00','williamg'),(1586,'8f19793b2671094e63a15ab883d50137','9bf31c7ff062936a96d3c8bd1f8f2ff3','1679091c5a880faf6fb5e6087eb1b2dc','2025-02-10 00:00:00','','2025-02-10 00:00:00','noahh','2025-02-10 00:00:00','noahh'),(1587,'49af6c4e558a7569d80eee2e035e2bd7','c0c7c76d30bd3dcaefc96f40275bdc0a','1679091c5a880faf6fb5e6087eb1b2dc','2025-02-11 00:00:00','','2025-02-11 00:00:00','lunar','2025-02-11 00:00:00','lunar'),(1589,'dca5672ff3444c7e997aa9a2c4eb2094','8f14e45fceea167a5a36dedd4bea2543','8f14e45fceea167a5a36dedd4bea2543','2025-02-08 00:00:00','','2025-02-08 00:00:00','emmaj','2025-02-08 00:00:00','emmaj'),(1590,'bcb41ccdc4363c6848a1d760f26c28a0','70efdf2ec9b086079795c442636b55fb','8f14e45fceea167a5a36dedd4bea2543','2025-02-09 00:00:00','','2025-02-09 00:00:00','williamg','2025-02-09 00:00:00','williamg'),(1591,'5129a5ddcd0dcd755232baa04c231698','eccbc87e4b5ce2fe28308fd9f2a7baf3','8f14e45fceea167a5a36dedd4bea2543','2025-02-10 00:00:00','','2025-02-10 00:00:00','viky','2025-02-10 00:00:00','viky'),(1592,'d72fbbccd9fe64c3a14f85d225a046f4','3c59dc048e8850243be8079a5c74d079','8f14e45fceea167a5a36dedd4bea2543','2025-02-11 00:00:00','','2025-02-11 00:00:00','abigailr','2025-02-11 00:00:00','abigailr'),(1593,'06a81a4fb98d149f2d31c68828fa6eb2','c16a5320fa475530d9583c34fd356ef5','8f14e45fceea167a5a36dedd4bea2543','2025-02-12 00:00:00','','2025-02-12 00:00:00','henryh','2025-02-12 00:00:00','henryh'),(1594,'0ebcc77dc72360d0eb8e9504c78d38bd','d67d8ab4f4c10bf22aa353e27879133c','8f14e45fceea167a5a36dedd4bea2543','2025-02-13 00:00:00','','2025-02-13 00:00:00','lucasg','2025-02-13 00:00:00','lucasg'),(1596,'309fee4e541e51de2e41f21bebb342aa','02e74f10e0327ad868d138f2b4fdd6f0','8f14e45fceea167a5a36dedd4bea2543','2025-02-14 00:00:00','','2025-02-14 00:00:00','harpere','2025-02-14 00:00:00','harpere'),(1598,'9c19a2aa1d84e04b0bd4bc888792bd1e','9bf31c7ff062936a96d3c8bd1f8f2ff3','c9f0f895fb98ab9159f51fd0297e236d','2025-02-09 00:00:00','','2025-02-09 00:00:00','noahh','2025-02-09 00:00:00','noahh'),(1599,'83e8ef518174e1eb6be4a0778d050c9d','8f14e45fceea167a5a36dedd4bea2543','c9f0f895fb98ab9159f51fd0297e236d','2025-02-10 00:00:00','','2025-02-10 00:00:00','emmaj','2025-02-10 00:00:00','emmaj'),(1600,'9e984c108157cea74c894b5cf34efc44','aab3238922bcc25a6f606eb525ffdc56','c9f0f895fb98ab9159f51fd0297e236d','2025-02-11 00:00:00','','2025-02-11 00:00:00','miar','2025-02-11 00:00:00','miar'),(1601,'c559da2ba967eb820766939a658022c8','a5bfc9e07964f8dddeb95fc584cd965d','c9f0f895fb98ab9159f51fd0297e236d','2025-02-12 00:00:00','','2025-02-12 00:00:00','jackw','2025-02-12 00:00:00','jackw'),(1602,'1bc0249a6412ef49b07fe6f62e6dc8de','182be0c5cdcd5072bb1864cdee4d3d6e','c9f0f895fb98ab9159f51fd0297e236d','2025-02-13 00:00:00','','2025-02-13 00:00:00','gabriela','2025-02-13 00:00:00','gabriela'),(1603,'f3173935ed8ac4bf073c1bcd63171f8a','d67d8ab4f4c10bf22aa353e27879133c','c9f0f895fb98ab9159f51fd0297e236d','2025-02-16 00:00:00','','2025-02-16 00:00:00','masonp','2025-02-16 00:00:00','masonp'),(1606,'495dabfd0ca768a3c3abd672079f48b6','c0c7c76d30bd3dcaefc96f40275bdc0a','c9f0f895fb98ab9159f51fd0297e236d','2025-02-19 00:00:00','','2025-02-19 00:00:00','lunar','2025-02-19 00:00:00','lunar'),(1607,'9597353e41e6957b5e7aa79214fcb256','37693cfc748049e45d87b8c7d8b9aacd','45c48cce2e2d7fbdea1afc51c7c6ad26','2025-02-10 00:00:00','','2025-02-10 00:00:00','madisonc','2025-02-10 00:00:00','madisonc'),(1608,'faafda66202d234463057972460c04f5','c0c7c76d30bd3dcaefc96f40275bdc0a','45c48cce2e2d7fbdea1afc51c7c6ad26','2025-02-11 00:00:00','','2025-02-11 00:00:00','lunar','2025-02-11 00:00:00','lunar'),(1609,'a2cc63e065705fe938a4dda49092966f','f457c545a9ded88f18ecee47145a72c0','45c48cce2e2d7fbdea1afc51c7c6ad26','2025-02-12 00:00:00','','2025-02-12 00:00:00','nicholasb','2025-02-12 00:00:00','nicholasb'),(1610,'a14ac55a4f27472c5d894ec1c3c743d2','d67d8ab4f4c10bf22aa353e27879133c','45c48cce2e2d7fbdea1afc51c7c6ad26','2025-02-13 00:00:00','','2025-02-13 00:00:00','masonp','2025-02-13 00:00:00','masonp'),(1611,'7a6a74cbe87bc60030a4bd041dd47b78','c51ce410c124a10e0db5e4b97fc2af39','45c48cce2e2d7fbdea1afc51c7c6ad26','2025-02-14 00:00:00','','2025-02-14 00:00:00','liamg','2025-02-14 00:00:00','liamg'),(1612,'52947e0ade57a09e4a1386d08f17b656','98f13708210194c475687be6106a3b84','45c48cce2e2d7fbdea1afc51c7c6ad26','2025-02-15 00:00:00','','2025-02-15 00:00:00','logant','2025-02-15 00:00:00','logant'),(1613,'69d658d0b2859e32cd4dc3b970c8496c','8e296a067a37563370ded05f5a3bf3ec','45c48cce2e2d7fbdea1afc51c7c6ad26','2025-02-16 00:00:00','','2025-02-16 00:00:00','chloem','2025-02-16 00:00:00','chloem'),(1615,'71a58e8cb75904f24cde464161c3e766','a5771bce93e200c36f7cd9dfd0e5deaa','45c48cce2e2d7fbdea1afc51c7c6ad26','2025-02-19 00:00:00','','2025-02-19 00:00:00','harpert','2025-02-19 00:00:00','harpert'),(1616,'962e56a8a0b0420d87272a682bfd1e53','c9f0f895fb98ab9159f51fd0297e236d','45c48cce2e2d7fbdea1afc51c7c6ad26','2025-02-20 00:00:00','','2025-02-20 00:00:00','avat','2025-02-20 00:00:00','avat'),(1617,'297fa7777981f402dbba17e9f29e292d','d3d9446802a44259755d38e6d163e820','45c48cce2e2d7fbdea1afc51c7c6ad26','2025-02-20 00:00:00','','2025-02-20 00:00:00','avat','2025-02-20 00:00:00','avat'),(1618,'f60bb6bb4c96d4df93c51bd69dcc15a0','34173cb38f07f89ddbebc2ac9128303f','45c48cce2e2d7fbdea1afc51c7c6ad26','2025-02-21 00:00:00','','2025-02-21 00:00:00','lilyb','2025-02-21 00:00:00','lilyb'),(1619,'d1dc3a8270a6f9394f88847d7f0050cf','6364d3f0f495b6ab9dcf8d3b5c6e0b01','45c48cce2e2d7fbdea1afc51c7c6ad26','2025-02-22 00:00:00','','2025-02-22 00:00:00','addisonw','2025-02-22 00:00:00','addisonw'),(1620,'806beafe154032a5b818e97b4420ad98','02e74f10e0327ad868d138f2b4fdd6f0','45c48cce2e2d7fbdea1afc51c7c6ad26','2025-02-23 00:00:00','','2025-02-23 00:00:00','harpere','2025-02-23 00:00:00','harpere'),(1621,'4462bf0ddbe0d0da40e1e828ebebeb11','642e92efb79421734881b53e1e1b18b6','d3d9446802a44259755d38e6d163e820','2025-02-11 00:00:00','','2025-02-11 00:00:00','hannahr','2025-02-11 00:00:00','hannahr'),(1623,'fc528592c3858f90196fbfacc814f235','c51ce410c124a10e0db5e4b97fc2af39','d3d9446802a44259755d38e6d163e820','2025-02-13 00:00:00','','2025-02-13 00:00:00','liamg','2025-02-13 00:00:00','liamg'),(1624,'9327969053c0068dd9e07c529866b94d','c0c7c76d30bd3dcaefc96f40275bdc0a','d3d9446802a44259755d38e6d163e820','2025-02-14 00:00:00','','2025-02-14 00:00:00','lunar','2025-02-14 00:00:00','lunar'),(1625,'a981f2b708044d6fb4a71a1463242520','182be0c5cdcd5072bb1864cdee4d3d6e','d3d9446802a44259755d38e6d163e820','2025-02-15 00:00:00','','2025-02-15 00:00:00','gabriela','2025-02-15 00:00:00','gabriela'),(1626,'bc573864331a9e42e4511de6f678aa83','9bf31c7ff062936a96d3c8bd1f8f2ff3','d3d9446802a44259755d38e6d163e820','2025-02-16 00:00:00','','2025-02-16 00:00:00','noahh','2025-02-16 00:00:00','noahh'),(1627,'97d0145823aeb8ed80617be62e08bdcc','d67d8ab4f4c10bf22aa353e27879133c','d3d9446802a44259755d38e6d163e820','2025-02-17 00:00:00','','2025-02-17 00:00:00','masonp','2025-02-17 00:00:00','masonp'),(1628,'efb76cff97aaf057654ef2f38cd77d73','37693cfc748049e45d87b8c7d8b9aacd','6512bd43d9caa6e02c990b0a82652dca','2025-02-12 00:00:00','','2025-02-12 00:00:00','madisonc','2025-02-12 00:00:00','madisonc'),(1629,'5c50b4df4b176845cd235b6a510c6903','f457c545a9ded88f18ecee47145a72c0','6512bd43d9caa6e02c990b0a82652dca','2025-02-13 00:00:00','','2025-02-13 00:00:00','nicholasb','2025-02-13 00:00:00','nicholasb'),(1630,'46031b3d04dc90994ca317a7c55c4289','67c6a1e7ce56d3d6fa748ab6d9af3fd7','6512bd43d9caa6e02c990b0a82652dca','2025-02-14 00:00:00','','2025-02-14 00:00:00','lincolnk','2025-02-14 00:00:00','lincolnk'),(1631,'6ba3af5d7b2790e73f0de32e5c8c1798','c9f0f895fb98ab9159f51fd0297e236d','6512bd43d9caa6e02c990b0a82652dca','2025-02-15 00:00:00','','2025-02-15 00:00:00','oliviaw','2025-02-15 00:00:00','oliviaw'),(1632,'0771fc6f0f4b1d7d1bb73bbbe14e0e31','d9d4f495e875a2e075a1a4a6e1b9770f','6512bd43d9caa6e02c990b0a82652dca','2025-02-17 00:00:00','','2025-02-17 00:00:00','hannahr','2025-02-17 00:00:00','hannahr'),(1633,'21fe5b8ba755eeaece7a450849876228','642e92efb79421734881b53e1e1b18b6','6512bd43d9caa6e02c990b0a82652dca','2025-02-17 00:00:00','','2025-02-17 00:00:00','hannahr','2025-02-17 00:00:00','hannahr'),(1636,'1c54985e4f95b7819ca0357c0cb9a09f','a5bfc9e07964f8dddeb95fc584cd965d','6512bd43d9caa6e02c990b0a82652dca','2025-02-20 00:00:00','','2025-02-20 00:00:00','jackw','2025-02-20 00:00:00','jackw'),(1637,'52c5189391854c93e8a0e1326e56c14f','d67d8ab4f4c10bf22aa353e27879133c','c20ad4d76fe97759aa27a0c99bff6710','2025-02-13 00:00:00','','2025-02-13 00:00:00','masonp','2025-02-13 00:00:00','masonp'),(1638,'7e230522657ecdc50e4249581b861f8e','02e74f10e0327ad868d138f2b4fdd6f0','c20ad4d76fe97759aa27a0c99bff6710','2025-02-14 00:00:00','','2025-02-14 00:00:00','harpere','2025-02-14 00:00:00','harpere'),(1640,'84f0f20482cde7e5eacaf7364a643d33','a1d0c6e83f027327d8461063f4ac58a6','c20ad4d76fe97759aa27a0c99bff6710','2025-02-16 00:00:00','','2025-02-16 00:00:00','ellaa','2025-02-16 00:00:00','ellaa'),(1641,'10c272d06794d3e5785d5e7c5356e9ff','f7177163c833dff4b38fc8d2872f1ec6','c20ad4d76fe97759aa27a0c99bff6710','2025-02-18 00:00:00','','2025-02-18 00:00:00','averyc','2025-02-18 00:00:00','averyc'),(1642,'81c650caac28cdefce4de5ddc18befa0','19ca14e7ea6328a42e0eb13d585e4c22','c20ad4d76fe97759aa27a0c99bff6710','2025-02-19 00:00:00','','2025-02-19 00:00:00','sofiam','2025-02-19 00:00:00','sofiam'),(1643,'f670ef5d2d6bdf8f29450a970494dd64','d645920e395fedad7bbbed0eca3fe2e0','c20ad4d76fe97759aa27a0c99bff6710','2025-02-20 00:00:00','','2025-02-20 00:00:00','ellaa','2025-02-20 00:00:00','ellaa'),(1644,'89f03f7d02720160f1b04cf5b27f5ccb','c16a5320fa475530d9583c34fd356ef5','c20ad4d76fe97759aa27a0c99bff6710','2025-02-21 00:00:00','','2025-02-21 00:00:00','henryh','2025-02-21 00:00:00','henryh'),(1645,'c1fea270c48e8079d8ddf7d06d26ab52','17e62166fc8586dfa4d1bc0e1742c08b','c20ad4d76fe97759aa27a0c99bff6710','2025-02-22 00:00:00','','2025-02-22 00:00:00','evanr','2025-02-22 00:00:00','evanr'),(1646,'e4873aa9a05cc5ed839561d121516766','98f13708210194c475687be6106a3b84','c20ad4d76fe97759aa27a0c99bff6710','2025-02-23 00:00:00','','2025-02-23 00:00:00','logant','2025-02-23 00:00:00','logant'),(1647,'8d420fa35754d1f1c19969c88780314d','aab3238922bcc25a6f606eb525ffdc56','c51ce410c124a10e0db5e4b97fc2af39','2025-02-14 00:00:00','','2025-02-14 00:00:00','miar','2025-02-14 00:00:00','miar'),(1648,'7437d136770f5b35194cb46c1653efaa','f7177163c833dff4b38fc8d2872f1ec6','c51ce410c124a10e0db5e4b97fc2af39','2025-02-15 00:00:00','','2025-02-15 00:00:00','averyc','2025-02-15 00:00:00','averyc'),(1649,'96de2547f44254c97f5f4f1f402711c1','d9d4f495e875a2e075a1a4a6e1b9770f','c51ce410c124a10e0db5e4b97fc2af39','2025-02-16 00:00:00','','2025-02-16 00:00:00','scarlettw','2025-02-16 00:00:00','scarlettw'),(1650,'973a5f0ccbc4ee3524ccf035d35b284b','eccbc87e4b5ce2fe28308fd9f2a7baf3','c51ce410c124a10e0db5e4b97fc2af39','2025-02-17 00:00:00','','2025-02-17 00:00:00','viky','2025-02-17 00:00:00','viky'),(1651,'be3e9d3f7d70537357c67bb3f4086846','8e296a067a37563370ded05f5a3bf3ec','c51ce410c124a10e0db5e4b97fc2af39','2025-02-19 00:00:00','','2025-02-19 00:00:00','chloem','2025-02-19 00:00:00','chloem'),(1652,'207f88018f72237565570f8a9e5ca240','70efdf2ec9b086079795c442636b55fb','c51ce410c124a10e0db5e4b97fc2af39','2025-02-20 00:00:00','','2025-02-20 00:00:00','williamg','2025-02-20 00:00:00','williamg'),(1653,'b147a61c1d07c1c999560f62add6dbc7','1679091c5a880faf6fb5e6087eb1b2dc','c51ce410c124a10e0db5e4b97fc2af39','2025-02-21 00:00:00','','2025-02-21 00:00:00','jamesd','2025-02-21 00:00:00','jamesd'),(1654,'9d2682367c3935defcb1f9e247a97c0d','c9f0f895fb98ab9159f51fd0297e236d','c51ce410c124a10e0db5e4b97fc2af39','2025-02-22 00:00:00','','2025-02-22 00:00:00','oliviaw','2025-02-22 00:00:00','oliviaw'),(1655,'cc42acc8ce334185e0193753adb6cb77','67c6a1e7ce56d3d6fa748ab6d9af3fd7','c51ce410c124a10e0db5e4b97fc2af39','2025-02-23 00:00:00','','2025-02-23 00:00:00','lincolnk','2025-02-23 00:00:00','lincolnk'),(1656,'712a3c9878efeae8ff06d57432016ceb','6364d3f0f495b6ab9dcf8d3b5c6e0b01','c51ce410c124a10e0db5e4b97fc2af39','2025-02-24 00:00:00','','2025-02-24 00:00:00','natalieh','2025-02-24 00:00:00','natalieh'),(1658,'c0560792e4a3c79e62f76cbf9fb277dd','98f13708210194c475687be6106a3b84','c51ce410c124a10e0db5e4b97fc2af39','2025-02-25 00:00:00','','2025-02-25 00:00:00','logant','2025-02-25 00:00:00','logant'),(1659,'e1696007be4eefb81b1a1d39ce48681b','d67d8ab4f4c10bf22aa353e27879133c','c51ce410c124a10e0db5e4b97fc2af39','2025-02-26 00:00:00','','2025-02-26 00:00:00','masonp','2025-02-26 00:00:00','masonp'),(1660,'9a4400501febb2a95e79248486a5f6d3','d645920e395fedad7bbbed0eca3fe2e0','c51ce410c124a10e0db5e4b97fc2af39','2025-02-27 00:00:00','','2025-02-27 00:00:00','ariar','2025-02-27 00:00:00','ariar'),(1661,'7d12b66d3df6af8d429c1a357d8b9e1a','c9f0f895fb98ab9159f51fd0297e236d','aab3238922bcc25a6f606eb525ffdc56','2025-02-15 00:00:00','','2025-02-15 00:00:00','oliviaw','2025-02-15 00:00:00','oliviaw'),(1662,'b2531e7bb29bf22e1daae486fae3417a','c20ad4d76fe97759aa27a0c99bff6710','aab3238922bcc25a6f606eb525ffdc56','2025-02-16 00:00:00','','2025-02-16 00:00:00','isabellad','2025-02-16 00:00:00','isabellad'),(1663,'e449b9317dad920c0dd5ad0a2a2d5e49','a5771bce93e200c36f7cd9dfd0e5deaa','aab3238922bcc25a6f606eb525ffdc56','2025-02-17 00:00:00','','2025-02-17 00:00:00','harpert','2025-02-17 00:00:00','harpert'),(1665,'e8d92f99edd25e2cef48eca48320a1a5','1679091c5a880faf6fb5e6087eb1b2dc','aab3238922bcc25a6f606eb525ffdc56','2025-02-18 00:00:00','','2025-02-18 00:00:00','jamesd','2025-02-18 00:00:00','jamesd'),(1666,'86d7c8a08b4aaa1bc7c599473f5dddda','a1d0c6e83f027327d8461063f4ac58a6','aab3238922bcc25a6f606eb525ffdc56','2025-02-19 00:00:00','','2025-02-19 00:00:00','ellaa','2025-02-19 00:00:00','ellaa'),(1667,'158fc2ddd52ec2cf54d3c161f2dd6517','1ff1de774005f8da13f42943881c655f','aab3238922bcc25a6f606eb525ffdc56','2025-02-20 00:00:00','','2025-02-20 00:00:00','elijahs','2025-02-20 00:00:00','elijahs'),(1668,'b0f2ad44d26e1a6f244201fe0fd864d1','8f14e45fceea167a5a36dedd4bea2543','aab3238922bcc25a6f606eb525ffdc56','2025-02-21 00:00:00','','2025-02-21 00:00:00','emmaj','2025-02-21 00:00:00','emmaj'),(1669,'cdf1035c34ec380218a8cc9a43d438f9','a5771bce93e200c36f7cd9dfd0e5deaa','9bf31c7ff062936a96d3c8bd1f8f2ff3','2025-02-16 00:00:00','','2025-02-16 00:00:00','harpert','2025-02-16 00:00:00','harpert'),(1670,'148510031349642de5ca0c544f31b2ef','6364d3f0f495b6ab9dcf8d3b5c6e0b01','9bf31c7ff062936a96d3c8bd1f8f2ff3','2025-02-17 00:00:00','','2025-02-17 00:00:00','addisonw','2025-02-17 00:00:00','addisonw'),(1671,'647c722bf90a49140184672e0d3723e3','b6d767d2f8ed5d21a44b0e5886680cb9','9bf31c7ff062936a96d3c8bd1f8f2ff3','2025-02-18 00:00:00','','2025-02-18 00:00:00','jacksone','2025-02-18 00:00:00','jacksone'),(1672,'2451041557a22145b3701b0184109cab','8e296a067a37563370ded05f5a3bf3ec','9bf31c7ff062936a96d3c8bd1f8f2ff3','2025-02-19 00:00:00','','2025-02-19 00:00:00','chloem','2025-02-19 00:00:00','chloem'),(1673,'a0f3601dc682036423013a5d965db9aa','a1d0c6e83f027327d8461063f4ac58a6','9bf31c7ff062936a96d3c8bd1f8f2ff3','2025-02-20 00:00:00','','2025-02-20 00:00:00','ellaa','2025-02-20 00:00:00','ellaa'),(1674,'757f843a169cc678064d9530d12a1881','8f14e45fceea167a5a36dedd4bea2543','9bf31c7ff062936a96d3c8bd1f8f2ff3','2025-02-21 00:00:00','','2025-02-21 00:00:00','alexanderj','2025-02-21 00:00:00','alexanderj'),(1676,'831c2f88a604a07ca94314b56a4921b8','c9f0f895fb98ab9159f51fd0297e236d','9bf31c7ff062936a96d3c8bd1f8f2ff3','2025-02-22 00:00:00','','2025-02-22 00:00:00','oliviaw','2025-02-22 00:00:00','oliviaw'),(1677,'08e6bea8e90ba87af3c9554d94db6579','c51ce410c124a10e0db5e4b97fc2af39','9bf31c7ff062936a96d3c8bd1f8f2ff3','2025-02-23 00:00:00','','2025-02-23 00:00:00','liamg','2025-02-23 00:00:00','liamg'),(1678,'2cb6b10338a7fc4117a80da24b582060','aab3238922bcc25a6f606eb525ffdc56','9bf31c7ff062936a96d3c8bd1f8f2ff3','2025-02-24 00:00:00','','2025-02-24 00:00:00','miar','2025-02-24 00:00:00','miar'),(1679,'e6384711491713d29bc63fc5eeb5ba4f','19ca14e7ea6328a42e0eb13d585e4c22','17e62166fc8586dfa4d1bc0e1742c08b','2025-03-16 00:00:00','','2025-03-16 00:00:00','sofiam','2025-03-16 00:00:00','sofiam'),(1681,'f50a6c02a3fc5a3a5d4d9391f05f3efc','1ff1de774005f8da13f42943881c655f','17e62166fc8586dfa4d1bc0e1742c08b','2025-03-18 00:00:00','','2025-03-18 00:00:00','elijahs','2025-03-18 00:00:00','elijahs'),(1682,'6a81681a7af700c6385d36577ebec359','182be0c5cdcd5072bb1864cdee4d3d6e','17e62166fc8586dfa4d1bc0e1742c08b','2025-03-19 00:00:00','','2025-03-19 00:00:00','gabriela','2025-03-19 00:00:00','gabriela'),(1683,'fddd7938a71db5f81fcc621673ab67b7','d67d8ab4f4c10bf22aa353e27879133c','17e62166fc8586dfa4d1bc0e1742c08b','2025-03-20 00:00:00','','2025-03-20 00:00:00','masonp','2025-03-20 00:00:00','masonp'),(1684,'1ef91c212e30e14bf125e9374262401f','a5bfc9e07964f8dddeb95fc584cd965d','17e62166fc8586dfa4d1bc0e1742c08b','2025-03-21 00:00:00','','2025-03-21 00:00:00','jackw','2025-03-21 00:00:00','jackw'),(1685,'5d79099fcdf499f12b79770834c0164a','8f14e45fceea167a5a36dedd4bea2543','17e62166fc8586dfa4d1bc0e1742c08b','2025-03-22 00:00:00','','2025-03-22 00:00:00','emmaj','2025-03-22 00:00:00','emmaj'),(1686,'b618c3210e934362ac261db280128c22','6c8349cc7260ae62e3b1396831a8398f','17e62166fc8586dfa4d1bc0e1742c08b','2025-03-24 00:00:00','','2025-03-24 00:00:00','benjaminf','2025-03-24 00:00:00','benjaminf'),(1687,'7fea637fd6d02b8f0adf6f7dc36aed93','a5771bce93e200c36f7cd9dfd0e5deaa','17e62166fc8586dfa4d1bc0e1742c08b','2025-03-26 00:00:00','','2025-03-26 00:00:00','harpert','2025-03-26 00:00:00','harpert'),(1689,'7c4ede33a62160a19586f6e26eaefacf','eccbc87e4b5ce2fe28308fd9f2a7baf3','f7177163c833dff4b38fc8d2872f1ec6','2025-03-18 00:00:00','','2025-03-18 00:00:00','viky','2025-03-18 00:00:00','viky'),(1690,'d43ab110ab2489d6b9b2caa394bf920f','02e74f10e0327ad868d138f2b4fdd6f0','f7177163c833dff4b38fc8d2872f1ec6','2025-03-19 00:00:00','','2025-03-19 00:00:00','harpere','2025-03-19 00:00:00','harpere'),(1691,'8303a79b1e19a194f1875981be5bdb6f','a1d0c6e83f027327d8461063f4ac58a6','f7177163c833dff4b38fc8d2872f1ec6','2025-03-20 00:00:00','','2025-03-20 00:00:00','ellaa','2025-03-20 00:00:00','ellaa'),(1692,'4921f95baf824205e1b13f22d60357a1','182be0c5cdcd5072bb1864cdee4d3d6e','f7177163c833dff4b38fc8d2872f1ec6','2025-03-21 00:00:00','','2025-03-21 00:00:00','gabriela','2025-03-21 00:00:00','gabriela'),(1693,'b59a51a3c0bf9c5228fde841714f523a','b6d767d2f8ed5d21a44b0e5886680cb9','f7177163c833dff4b38fc8d2872f1ec6','2025-03-22 00:00:00','','2025-03-22 00:00:00','jacksone','2025-03-22 00:00:00','jacksone'),(1694,'26751be1181460baf78db8d5eb7aad39','37693cfc748049e45d87b8c7d8b9aacd','f7177163c833dff4b38fc8d2872f1ec6','2025-03-23 00:00:00','','2025-03-23 00:00:00','madisonc','2025-03-23 00:00:00','madisonc'),(1695,'e721a54a8cf18c8543d44782d9ef681f','1679091c5a880faf6fb5e6087eb1b2dc','f7177163c833dff4b38fc8d2872f1ec6','2025-03-24 00:00:00','','2025-03-24 00:00:00','jamesd','2025-03-24 00:00:00','jamesd'),(1698,'9fe97fff97f089661135d0487843108e','6512bd43d9caa6e02c990b0a82652dca','f7177163c833dff4b38fc8d2872f1ec6','2025-03-27 00:00:00','','2025-03-27 00:00:00','ethanm','2025-03-27 00:00:00','ethanm'),(1700,'01e00f2f4bfcbb7505cb641066f2859b','642e92efb79421734881b53e1e1b18b6','f7177163c833dff4b38fc8d2872f1ec6','2025-03-29 00:00:00','','2025-03-29 00:00:00','hannahr','2025-03-29 00:00:00','hannahr'),(1701,'15231a7ce4ba789d13b722cc5c955834','a5771bce93e200c36f7cd9dfd0e5deaa','f7177163c833dff4b38fc8d2872f1ec6','2025-03-30 00:00:00','','2025-03-30 00:00:00','harpert','2025-03-30 00:00:00','harpert'),(1702,'b9f94c77652c9a76fc8a442748cd54bd','1c383cd30b7c298ab50293adfecb7b18','6c8349cc7260ae62e3b1396831a8398f','2025-03-18 00:00:00','','2025-03-18 00:00:00','carterb','2025-03-18 00:00:00','carterb'),(1703,'375c71349b295fbe2dcdca9206f20a06','642e92efb79421734881b53e1e1b18b6','6c8349cc7260ae62e3b1396831a8398f','2025-03-19 00:00:00','','2025-03-19 00:00:00','hannahr','2025-03-19 00:00:00','hannahr'),(1704,'a588a6199feff5ba48402883d9b72700','d3d9446802a44259755d38e6d163e820','6c8349cc7260ae62e3b1396831a8398f','2025-03-20 00:00:00','','2025-03-20 00:00:00','avat','2025-03-20 00:00:00','avat'),(1705,'2a27b8144ac02f67687f76782a3b5d8f','6512bd43d9caa6e02c990b0a82652dca','6c8349cc7260ae62e3b1396831a8398f','2025-03-21 00:00:00','','2025-03-21 00:00:00','liamg','2025-03-21 00:00:00','liamg'),(1706,'8bb88f80d334b1869781beb89f7b73be','c51ce410c124a10e0db5e4b97fc2af39','6c8349cc7260ae62e3b1396831a8398f','2025-03-21 00:00:00','','2025-03-21 00:00:00','liamg','2025-03-21 00:00:00','liamg'),(1707,'02f039058bd48307e6f653a2005c9dd2','b6d767d2f8ed5d21a44b0e5886680cb9','6c8349cc7260ae62e3b1396831a8398f','2025-03-23 00:00:00','','2025-03-23 00:00:00','jacksone','2025-03-23 00:00:00','jacksone'),(1708,'c59b469d724f7919b7d35514184fdc0f','f457c545a9ded88f18ecee47145a72c0','6c8349cc7260ae62e3b1396831a8398f','2025-03-24 00:00:00','','2025-03-24 00:00:00','nicholasb','2025-03-24 00:00:00','nicholasb'),(1709,'52d080a3e172c33fd6886a37e7288491','70efdf2ec9b086079795c442636b55fb','d9d4f495e875a2e075a1a4a6e1b9770f','2025-03-19 00:00:00','','2025-03-19 00:00:00','williamg','2025-03-19 00:00:00','williamg'),(1710,'5a142a55461d5fef016acfb927fee0bd','8e296a067a37563370ded05f5a3bf3ec','d9d4f495e875a2e075a1a4a6e1b9770f','2025-03-20 00:00:00','','2025-03-20 00:00:00','chloem','2025-03-20 00:00:00','chloem'),(1711,'a941493eeea57ede8214fd77d41806bc','19ca14e7ea6328a42e0eb13d585e4c22','d9d4f495e875a2e075a1a4a6e1b9770f','2025-03-21 00:00:00','','2025-03-21 00:00:00','sofiam','2025-03-21 00:00:00','sofiam'),(1712,'a51c896c9cb81ecb5a199d51ac9fc3c5','6c8349cc7260ae62e3b1396831a8398f','d9d4f495e875a2e075a1a4a6e1b9770f','2025-03-22 00:00:00','','2025-03-22 00:00:00','benjaminf','2025-03-22 00:00:00','benjaminf'),(1713,'464d828b85b0bed98e80ade0a5c43b0f','02e74f10e0327ad868d138f2b4fdd6f0','d9d4f495e875a2e075a1a4a6e1b9770f','2025-03-23 00:00:00','','2025-03-23 00:00:00','harpere','2025-03-23 00:00:00','harpere'),(1714,'798ed7d4ee7138d49b8828958048130a','1ff1de774005f8da13f42943881c655f','d9d4f495e875a2e075a1a4a6e1b9770f','2025-03-24 00:00:00','','2025-03-24 00:00:00','mateon','2025-03-24 00:00:00','mateon'),(1716,'66be31e4c40d676991f2405aaecc6934','c16a5320fa475530d9583c34fd356ef5','d9d4f495e875a2e075a1a4a6e1b9770f','2025-03-26 00:00:00','','2025-03-26 00:00:00','henryh','2025-03-26 00:00:00','henryh'),(1717,'8b5700012be65c9da25f49408d959ca0','eccbc87e4b5ce2fe28308fd9f2a7baf3','d9d4f495e875a2e075a1a4a6e1b9770f','2025-03-27 00:00:00','','2025-03-27 00:00:00','viky','2025-03-27 00:00:00','viky'),(1718,'fc6709bfdf0572f183c1a84ce5276e96','a1d0c6e83f027327d8461063f4ac58a6','67c6a1e7ce56d3d6fa748ab6d9af3fd7','2025-03-20 00:00:00','','2025-03-20 00:00:00','ellaa','2025-03-20 00:00:00','ellaa'),(1719,'f3144cefe89a60d6a1afaf7859c5076b','c9f0f895fb98ab9159f51fd0297e236d','67c6a1e7ce56d3d6fa748ab6d9af3fd7','2025-03-21 00:00:00','','2025-03-21 00:00:00','oliviaw','2025-03-21 00:00:00','oliviaw'),(1720,'acab0116c354964a558e65bdd07ff047','f7177163c833dff4b38fc8d2872f1ec6','67c6a1e7ce56d3d6fa748ab6d9af3fd7','2025-03-22 00:00:00','','2025-03-22 00:00:00','averyc','2025-03-22 00:00:00','averyc'),(1721,'28dc6b0e1b33769b4b94685e4f4d1e5c','642e92efb79421734881b53e1e1b18b6','67c6a1e7ce56d3d6fa748ab6d9af3fd7','2025-03-23 00:00:00','','2025-03-23 00:00:00','hannahr','2025-03-23 00:00:00','hannahr'),(1722,'404dcc91b2aeaa7caa47487d1483e48a','1f0e3dad99908345f7439f8ffabdffc4','67c6a1e7ce56d3d6fa748ab6d9af3fd7','2025-03-24 00:00:00','','2025-03-24 00:00:00','evelyns','2025-03-24 00:00:00','evelyns'),(1723,'8725fb777f25776ffa9076e44fcfd776','6364d3f0f495b6ab9dcf8d3b5c6e0b01','67c6a1e7ce56d3d6fa748ab6d9af3fd7','2025-03-25 00:00:00','','2025-03-25 00:00:00','addisonw','2025-03-25 00:00:00','addisonw'),(1724,'62889e73828c756c961c5a6d6c01a463','02e74f10e0327ad868d138f2b4fdd6f0','67c6a1e7ce56d3d6fa748ab6d9af3fd7','2025-03-26 00:00:00','','2025-03-26 00:00:00','harpere','2025-03-26 00:00:00','harpere'),(1725,'3e7e0224018ab3cf51abb96464d518cd','9bf31c7ff062936a96d3c8bd1f8f2ff3','67c6a1e7ce56d3d6fa748ab6d9af3fd7','2025-03-27 00:00:00','','2025-03-27 00:00:00','williamg','2025-03-27 00:00:00','williamg'),(1726,'74563ba21a90da13dacf2a73e3ddefa7','70efdf2ec9b086079795c442636b55fb','67c6a1e7ce56d3d6fa748ab6d9af3fd7','2025-03-27 00:00:00','','2025-03-27 00:00:00','williamg','2025-03-27 00:00:00','williamg'),(1727,'515ab26c135e92ed8bf3a594d67e4ade','a5771bce93e200c36f7cd9dfd0e5deaa','67c6a1e7ce56d3d6fa748ab6d9af3fd7','2025-03-28 00:00:00','','2025-03-28 00:00:00','harpert','2025-03-28 00:00:00','harpert'),(1728,'7137debd45ae4d0ab9aa953017286b20','d645920e395fedad7bbbed0eca3fe2e0','67c6a1e7ce56d3d6fa748ab6d9af3fd7','2025-03-29 00:00:00','','2025-03-29 00:00:00','ariar','2025-03-29 00:00:00','ariar'),(1729,'25e2a30f44898b9f3e978b1786dcd85c','aab3238922bcc25a6f606eb525ffdc56','642e92efb79421734881b53e1e1b18b6','2025-03-21 00:00:00','','2025-03-21 00:00:00','miar','2025-03-21 00:00:00','miar'),(1730,'851300ee84c2b80ed40f51ed26d866fc','b6d767d2f8ed5d21a44b0e5886680cb9','642e92efb79421734881b53e1e1b18b6','2025-03-22 00:00:00','','2025-03-22 00:00:00','jacksone','2025-03-22 00:00:00','jacksone'),(1731,'b29eed44276144e4e8103a661f9a78b7','3c59dc048e8850243be8079a5c74d079','642e92efb79421734881b53e1e1b18b6','2025-03-23 00:00:00','','2025-03-23 00:00:00','abigailr','2025-03-23 00:00:00','abigailr'),(1732,'270edd69788dce200a3b395a6da6fdb7','1f0e3dad99908345f7439f8ffabdffc4','642e92efb79421734881b53e1e1b18b6','2025-03-24 00:00:00','','2025-03-24 00:00:00','evelyns','2025-03-24 00:00:00','evelyns'),(1733,'4fa53be91b4933d536748a60458b9797','a1d0c6e83f027327d8461063f4ac58a6','642e92efb79421734881b53e1e1b18b6','2025-03-25 00:00:00','','2025-03-25 00:00:00','ellaa','2025-03-25 00:00:00','ellaa'),(1734,'ab2b41c63853f0a651ba9fbf502b0cd8','c0c7c76d30bd3dcaefc96f40275bdc0a','642e92efb79421734881b53e1e1b18b6','2025-03-26 00:00:00','','2025-03-26 00:00:00','lunar','2025-03-26 00:00:00','lunar'),(1735,'c4492cbe90fbdbf88a5aec486aa81ed5','37693cfc748049e45d87b8c7d8b9aacd','642e92efb79421734881b53e1e1b18b6','2025-03-27 00:00:00','','2025-03-27 00:00:00','madisonc','2025-03-27 00:00:00','madisonc'),(1736,'c0d0e461de8d0024aebcb0a7c68836df','17e62166fc8586dfa4d1bc0e1742c08b','642e92efb79421734881b53e1e1b18b6','2025-03-28 00:00:00','','2025-03-28 00:00:00','evanr','2025-03-28 00:00:00','evanr'),(1738,'84c6494d30851c63a55cdb8cb047fadd','1679091c5a880faf6fb5e6087eb1b2dc','642e92efb79421734881b53e1e1b18b6','2025-03-30 00:00:00','','2025-03-30 00:00:00','jamesd','2025-03-30 00:00:00','jamesd'),(1739,'752d25a1f8dbfb2d656bac3094bfb81c','34173cb38f07f89ddbebc2ac9128303f','642e92efb79421734881b53e1e1b18b6','2025-03-31 00:00:00','','2025-03-31 00:00:00','addisonw','2025-03-31 00:00:00','addisonw'),(1740,'54f5f4071faca32ad5285fef87b78646','6364d3f0f495b6ab9dcf8d3b5c6e0b01','642e92efb79421734881b53e1e1b18b6','2025-03-31 00:00:00','','2025-03-31 00:00:00','addisonw','2025-03-31 00:00:00','addisonw'),(1741,'b3b43aeeacb258365cc69cdaf42a68af','1ff1de774005f8da13f42943881c655f','642e92efb79421734881b53e1e1b18b6','2025-04-01 00:00:00','','2025-04-01 00:00:00','elijahs','2025-04-01 00:00:00','elijahs'),(1742,'6e62a992c676f611616097dbea8ea030','02e74f10e0327ad868d138f2b4fdd6f0','642e92efb79421734881b53e1e1b18b6','2025-04-02 00:00:00','','2025-04-02 00:00:00','harpere','2025-04-02 00:00:00','harpere'),(1743,'955a1584af63a546588caae4d23840b3','c9f0f895fb98ab9159f51fd0297e236d','642e92efb79421734881b53e1e1b18b6','2025-04-03 00:00:00','','2025-04-03 00:00:00','oliviaw','2025-04-03 00:00:00','oliviaw'),(1744,'418ef6127e44214882c61e372e866691','c0c7c76d30bd3dcaefc96f40275bdc0a','f457c545a9ded88f18ecee47145a72c0','2025-03-22 00:00:00','','2025-03-22 00:00:00','lunar','2025-03-22 00:00:00','lunar'),(1746,'442cde81694ca09a626eeddefd1b74ca','1ff1de774005f8da13f42943881c655f','f457c545a9ded88f18ecee47145a72c0','2025-03-24 00:00:00','','2025-03-24 00:00:00','elijahs','2025-03-24 00:00:00','elijahs'),(1748,'54e36c5ff5f6a1802925ca009f3ebb68','eccbc87e4b5ce2fe28308fd9f2a7baf3','f457c545a9ded88f18ecee47145a72c0','2025-03-25 00:00:00','','2025-03-25 00:00:00','viky','2025-03-25 00:00:00','viky'),(1749,'fc9b003bb003a298c2ad0d05e4342bdc','a5771bce93e200c36f7cd9dfd0e5deaa','f457c545a9ded88f18ecee47145a72c0','2025-03-26 00:00:00','','2025-03-26 00:00:00','harpert','2025-03-26 00:00:00','harpert'),(1751,'b3bbccd6c008e727785cb81b1aa08ac5','d645920e395fedad7bbbed0eca3fe2e0','c0c7c76d30bd3dcaefc96f40275bdc0a','2025-03-24 00:00:00','','2025-03-24 00:00:00','ariar','2025-03-24 00:00:00','ariar'),(1752,'11c484ea9305ea4c7bb6b2e6d570d466','a5771bce93e200c36f7cd9dfd0e5deaa','c0c7c76d30bd3dcaefc96f40275bdc0a','2025-03-25 00:00:00','','2025-03-25 00:00:00','harpert','2025-03-25 00:00:00','harpert'),(1753,'a63fc8c5d915e1f1a40f40e6c7499863','70efdf2ec9b086079795c442636b55fb','c0c7c76d30bd3dcaefc96f40275bdc0a','2025-03-26 00:00:00','','2025-03-26 00:00:00','williamg','2025-03-26 00:00:00','williamg'),(1754,'231141b34c82aa95e48810a9d1b33a79','8e296a067a37563370ded05f5a3bf3ec','c0c7c76d30bd3dcaefc96f40275bdc0a','2025-03-27 00:00:00','','2025-03-27 00:00:00','chloem','2025-03-27 00:00:00','chloem'),(1755,'d8d31bd778da8bdd536187c36e48892b','19ca14e7ea6328a42e0eb13d585e4c22','c0c7c76d30bd3dcaefc96f40275bdc0a','2025-03-28 00:00:00','','2025-03-28 00:00:00','sofiam','2025-03-28 00:00:00','sofiam'),(1756,'cefab442b1728a7c1b49c63f1a55781c','182be0c5cdcd5072bb1864cdee4d3d6e','c0c7c76d30bd3dcaefc96f40275bdc0a','2025-03-29 00:00:00','','2025-03-29 00:00:00','gabriela','2025-03-29 00:00:00','gabriela'),(1757,'d2cdf047a6674cef251d56544a3cf029','1c383cd30b7c298ab50293adfecb7b18','c0c7c76d30bd3dcaefc96f40275bdc0a','2025-03-30 00:00:00','','2025-03-30 00:00:00','carterb','2025-03-30 00:00:00','carterb'),(1758,'2612aa892d962d6f8056b195ca6e550d','c51ce410c124a10e0db5e4b97fc2af39','c0c7c76d30bd3dcaefc96f40275bdc0a','2025-03-31 00:00:00','','2025-03-31 00:00:00','liamg','2025-03-31 00:00:00','liamg'),(1759,'ba1b3eba322eab5d895aa3023fe78b9c','a5771bce93e200c36f7cd9dfd0e5deaa','2838023a778dfaecdc212708f721b788','2025-03-25 00:00:00','','2025-03-25 00:00:00','harpert','2025-03-25 00:00:00','harpert'),(1760,'e22dd5dabde45eda5a1a67772c8e25dd','02e74f10e0327ad868d138f2b4fdd6f0','2838023a778dfaecdc212708f721b788','2025-03-26 00:00:00','','2025-03-26 00:00:00','harpere','2025-03-26 00:00:00','harpere'),(1763,'df9028fcb6b065e000ffe8a4f03eeb38','d645920e395fedad7bbbed0eca3fe2e0','2838023a778dfaecdc212708f721b788','2025-03-30 00:00:00','','2025-03-30 00:00:00','ariar','2025-03-30 00:00:00','ariar'),(1764,'94e4451ad23909020c28b26ca3a13cb8','e4da3b7fbbce2345d7772b0674a318d5','2838023a778dfaecdc212708f721b788','2025-03-31 00:00:00','','2025-03-31 00:00:00','emmaj','2025-03-31 00:00:00','emmaj'),(1765,'8698ff92115213ab187d31d4ee5da8ea','8f14e45fceea167a5a36dedd4bea2543','2838023a778dfaecdc212708f721b788','2025-03-31 00:00:00','','2025-03-31 00:00:00','emmaj','2025-03-31 00:00:00','emmaj'),(1766,'96a93ba89a5b5c6c226e49b88973f46e','1f0e3dad99908345f7439f8ffabdffc4','2838023a778dfaecdc212708f721b788','2025-04-01 00:00:00','','2025-04-01 00:00:00','evelyns','2025-04-01 00:00:00','evelyns'),(1768,'db29450c3f5e97f97846693611f98c15','3c59dc048e8850243be8079a5c74d079','9a1158154dfa42caddbd0694a4e9bdc8','2025-03-25 00:00:00','','2025-03-25 00:00:00','abigailr','2025-03-25 00:00:00','abigailr'),(1769,'7eb7eabbe9bd03c2fc99881d04da9cbd','6c8349cc7260ae62e3b1396831a8398f','9a1158154dfa42caddbd0694a4e9bdc8','2025-03-26 00:00:00','','2025-03-26 00:00:00','benjaminf','2025-03-26 00:00:00','benjaminf'),(1770,'e5a4d6bf330f23a8707bb0d6001dfbe8','8e296a067a37563370ded05f5a3bf3ec','9a1158154dfa42caddbd0694a4e9bdc8','2025-03-27 00:00:00','','2025-03-27 00:00:00','chloem','2025-03-27 00:00:00','chloem'),(1771,'21be9a4bd4f81549a9d1d241981cec3c','d645920e395fedad7bbbed0eca3fe2e0','9a1158154dfa42caddbd0694a4e9bdc8','2025-03-28 00:00:00','','2025-03-28 00:00:00','ariar','2025-03-28 00:00:00','ariar'),(1772,'299570476c6f0309545110c592b6a63b','f457c545a9ded88f18ecee47145a72c0','9a1158154dfa42caddbd0694a4e9bdc8','2025-03-29 00:00:00','','2025-03-29 00:00:00','nicholasb','2025-03-29 00:00:00','nicholasb'),(1774,'f0bda020d2470f2e74990a07a607ebd9','d67d8ab4f4c10bf22aa353e27879133c','9a1158154dfa42caddbd0694a4e9bdc8','2025-04-01 00:00:00','','2025-04-01 00:00:00','masonp','2025-04-01 00:00:00','masonp'),(1775,'36d7534290610d9b7e9abed244dd2f28','b6d767d2f8ed5d21a44b0e5886680cb9','9a1158154dfa42caddbd0694a4e9bdc8','2025-04-02 00:00:00','','2025-04-02 00:00:00','jacksone','2025-04-02 00:00:00','jacksone'),(1776,'7dd0240cd412efde8bc165e864d3644f','98f13708210194c475687be6106a3b84','9a1158154dfa42caddbd0694a4e9bdc8','2025-04-03 00:00:00','','2025-04-03 00:00:00','logant','2025-04-03 00:00:00','logant'),(1777,'e9b73bccd1762555582b513ff9d02492','e4da3b7fbbce2345d7772b0674a318d5','9a1158154dfa42caddbd0694a4e9bdc8','2025-04-04 00:00:00','','2025-04-04 00:00:00','emmaj','2025-04-04 00:00:00','emmaj'),(1778,'6709e8d64a5f47269ed5cea9f625f7ab','8f14e45fceea167a5a36dedd4bea2543','9a1158154dfa42caddbd0694a4e9bdc8','2025-04-04 00:00:00','','2025-04-04 00:00:00','emmaj','2025-04-04 00:00:00','emmaj'),(1779,'8c01a75941549a705cf7275e41b21f0d','70efdf2ec9b086079795c442636b55fb','9a1158154dfa42caddbd0694a4e9bdc8','2025-04-05 00:00:00','','2025-04-05 00:00:00','williamg','2025-04-05 00:00:00','williamg'),(1780,'f63f65b503e22cb970527f23c9ad7db1','c51ce410c124a10e0db5e4b97fc2af39','9a1158154dfa42caddbd0694a4e9bdc8','2025-04-06 00:00:00','','2025-04-06 00:00:00','liamg','2025-04-06 00:00:00','liamg'),(1781,'8b6a80c3cf2cbd5f967063618dc54f39','17e62166fc8586dfa4d1bc0e1742c08b','9a1158154dfa42caddbd0694a4e9bdc8','2025-04-07 00:00:00','','2025-04-07 00:00:00','evanr','2025-04-07 00:00:00','evanr'),(1783,'b865367fc4c0845c0682bd466e6ebf4c','02e74f10e0327ad868d138f2b4fdd6f0','d82c8d1619ad8176d665453cfb2e55f0','2025-03-27 00:00:00','','2025-03-27 00:00:00','harpere','2025-03-27 00:00:00','harpere'),(1784,'365d17770080c807a0e47ae9118d8641','c9f0f895fb98ab9159f51fd0297e236d','d82c8d1619ad8176d665453cfb2e55f0','2025-03-28 00:00:00','','2025-03-28 00:00:00','oliviaw','2025-03-28 00:00:00','oliviaw'),(1785,'393c55aea738548df743a186d15f3bef','a1d0c6e83f027327d8461063f4ac58a6','d82c8d1619ad8176d665453cfb2e55f0','2025-03-29 00:00:00','','2025-03-29 00:00:00','averyc','2025-03-29 00:00:00','averyc'),(1786,'6449f44a102fde848669bdd9eb6b76fa','f7177163c833dff4b38fc8d2872f1ec6','d82c8d1619ad8176d665453cfb2e55f0','2025-03-29 00:00:00','','2025-03-29 00:00:00','averyc','2025-03-29 00:00:00','averyc'),(1788,'db957c626a8cd7a27231adfbf51e20eb','34173cb38f07f89ddbebc2ac9128303f','d82c8d1619ad8176d665453cfb2e55f0','2025-03-31 00:00:00','','2025-03-31 00:00:00','lilyb','2025-03-31 00:00:00','lilyb'),(1789,'ecd62de20ea67e1c2d933d311b08178a','d9d4f495e875a2e075a1a4a6e1b9770f','d82c8d1619ad8176d665453cfb2e55f0','2025-04-01 00:00:00','','2025-04-01 00:00:00','scarlettw','2025-04-01 00:00:00','scarlettw'),(1790,'d25414405eb37dae1c14b18d6a2cac34','8e296a067a37563370ded05f5a3bf3ec','a684eceee76fc522773286a895bc8436','2025-03-27 00:00:00','','2025-03-27 00:00:00','chloem','2025-03-27 00:00:00','chloem'),(1791,'bf201d5407a6509fa536afc4b380577e','c9f0f895fb98ab9159f51fd0297e236d','a684eceee76fc522773286a895bc8436','2025-03-28 00:00:00','','2025-03-28 00:00:00','oliviaw','2025-03-28 00:00:00','oliviaw'),(1792,'052335232b11864986bb2fa20fa38748','d3d9446802a44259755d38e6d163e820','a684eceee76fc522773286a895bc8436','2025-03-29 00:00:00','','2025-03-29 00:00:00','avat','2025-03-29 00:00:00','avat'),(1793,'c8cbd669cfb2f016574e9d147092b5bb','f7177163c833dff4b38fc8d2872f1ec6','a684eceee76fc522773286a895bc8436','2025-03-30 00:00:00','','2025-03-30 00:00:00','averyc','2025-03-30 00:00:00','averyc'),(1794,'59e0b2658e9f2e77f8d4d83f8d07ca84','f457c545a9ded88f18ecee47145a72c0','a684eceee76fc522773286a895bc8436','2025-04-01 00:00:00','','2025-04-01 00:00:00','jacobc','2025-04-01 00:00:00','jacobc'),(1795,'0731460a8a5ce1626210cbf4385ae0ef','37693cfc748049e45d87b8c7d8b9aacd','a684eceee76fc522773286a895bc8436','2025-04-03 00:00:00','','2025-04-03 00:00:00','madisonc','2025-04-03 00:00:00','madisonc'),(1796,'90599c8fdd2f6e7a03ad173e2f535751','aab3238922bcc25a6f606eb525ffdc56','a684eceee76fc522773286a895bc8436','2025-04-04 00:00:00','','2025-04-04 00:00:00','miar','2025-04-04 00:00:00','miar'),(1797,'8d9fc2308c8f28d2a7d2f6f48801c705','6c8349cc7260ae62e3b1396831a8398f','b53b3a3d6ab90ce0268229151c9bde11','2025-03-28 00:00:00','','2025-03-28 00:00:00','benjaminf','2025-03-28 00:00:00','benjaminf'),(1798,'ac5dab2e99eee9cf9ec672e383691302','c0c7c76d30bd3dcaefc96f40275bdc0a','b53b3a3d6ab90ce0268229151c9bde11','2025-03-29 00:00:00','','2025-03-29 00:00:00','lunar','2025-03-29 00:00:00','lunar'),(1800,'f39ae9ff3a81f499230c4126e01f421b','f7177163c833dff4b38fc8d2872f1ec6','b53b3a3d6ab90ce0268229151c9bde11','2025-03-31 00:00:00','','2025-03-31 00:00:00','averyc','2025-03-31 00:00:00','averyc'),(1801,'cd14821dab219ea06e2fd1a2df2e3582','02e74f10e0327ad868d138f2b4fdd6f0','b53b3a3d6ab90ce0268229151c9bde11','2025-04-01 00:00:00','','2025-04-01 00:00:00','harpere','2025-04-01 00:00:00','harpere'),(1802,'dc40b7120e77741d191c0d2b82cea7be','e4da3b7fbbce2345d7772b0674a318d5','b53b3a3d6ab90ce0268229151c9bde11','2025-04-03 00:00:00','','2025-04-03 00:00:00','sophiab','2025-04-03 00:00:00','sophiab'),(1803,'3fab5890d8113d0b5a4178201dc842ad','37693cfc748049e45d87b8c7d8b9aacd','b53b3a3d6ab90ce0268229151c9bde11','2025-04-04 00:00:00','','2025-04-04 00:00:00','chloem','2025-04-04 00:00:00','chloem'),(1804,'90e1357833654983612fb05e3ec9148c','8e296a067a37563370ded05f5a3bf3ec','b53b3a3d6ab90ce0268229151c9bde11','2025-04-04 00:00:00','','2025-04-04 00:00:00','chloem','2025-04-04 00:00:00','chloem'),(1805,'7ffd85d93a3e4de5c490d304ccd9f864','182be0c5cdcd5072bb1864cdee4d3d6e','b53b3a3d6ab90ce0268229151c9bde11','2025-04-05 00:00:00','','2025-04-05 00:00:00','gabriela','2025-04-05 00:00:00','gabriela'),(1806,'d1e946f4e67db4b362ad23818a6fb78a','c9f0f895fb98ab9159f51fd0297e236d','b53b3a3d6ab90ce0268229151c9bde11','2025-04-07 00:00:00','','2025-04-07 00:00:00','oliviaw','2025-04-07 00:00:00','oliviaw'),(1807,'1f1baa5b8edac74eb4eaa329f14a0361','02e74f10e0327ad868d138f2b4fdd6f0','9f61408e3afb633e50cdf1b20de6f466','2025-03-29 00:00:00','','2025-03-29 00:00:00','harpere','2025-03-29 00:00:00','harpere'),(1809,'645098b086d2f9e1e0e939c27f9f2d6f','17e62166fc8586dfa4d1bc0e1742c08b','9f61408e3afb633e50cdf1b20de6f466','2025-03-31 00:00:00','','2025-03-31 00:00:00','evanr','2025-03-31 00:00:00','evanr'),(1810,'6e79ed05baec2754e25b4eac73a332d2','642e92efb79421734881b53e1e1b18b6','9f61408e3afb633e50cdf1b20de6f466','2025-04-01 00:00:00','','2025-04-01 00:00:00','hannahr','2025-04-01 00:00:00','hannahr'),(1811,'09b15d48a1514d8209b192a8b8f34e48','182be0c5cdcd5072bb1864cdee4d3d6e','9f61408e3afb633e50cdf1b20de6f466','2025-04-02 00:00:00','','2025-04-02 00:00:00','gabriela','2025-04-02 00:00:00','gabriela'),(1812,'5b6ba13f79129a74a3e819b78e36b922','a5771bce93e200c36f7cd9dfd0e5deaa','9f61408e3afb633e50cdf1b20de6f466','2025-04-03 00:00:00','','2025-04-03 00:00:00','harpert','2025-04-03 00:00:00','harpert'),(1813,'f542eae1949358e25d8bfeefe5b199f1','c16a5320fa475530d9583c34fd356ef5','9f61408e3afb633e50cdf1b20de6f466','2025-04-06 00:00:00','','2025-04-06 00:00:00','henryh','2025-04-06 00:00:00','henryh'),(1815,'f0bbac6fa079f1e00b2c14c1d3c6ccf0','6f4922f45568161a8cdf4ad2299f6d23','9f61408e3afb633e50cdf1b20de6f466','2025-04-08 00:00:00','','2025-04-08 00:00:00','averyp','2025-04-08 00:00:00','averyp'),(1816,'faacbcd5bf1d018912c116bf2783e9a1','8e296a067a37563370ded05f5a3bf3ec','9f61408e3afb633e50cdf1b20de6f466','2025-04-09 00:00:00','','2025-04-09 00:00:00','chloem','2025-04-09 00:00:00','chloem'),(1817,'f4a4da9aa7eadfd23c7bdb7cf57b3112','8f14e45fceea167a5a36dedd4bea2543','9f61408e3afb633e50cdf1b20de6f466','2025-04-10 00:00:00','','2025-04-10 00:00:00','emmaj','2025-04-10 00:00:00','emmaj'),(1818,'f5c3dd7514bf620a1b85450d2ae374b1','a5771bce93e200c36f7cd9dfd0e5deaa','72b32a1f754ba1c09b3695e0cb6cde7f','2025-03-30 00:00:00','','2025-03-30 00:00:00','harpert','2025-03-30 00:00:00','harpert'),(1819,'17c3433fecc21b57000debdf7ad5c930','98f13708210194c475687be6106a3b84','72b32a1f754ba1c09b3695e0cb6cde7f','2025-03-31 00:00:00','','2025-03-31 00:00:00','logant','2025-03-31 00:00:00','logant'),(1820,'f2d887e01a80e813d9080038decbbabb','70efdf2ec9b086079795c442636b55fb','72b32a1f754ba1c09b3695e0cb6cde7f','2025-04-01 00:00:00','','2025-04-01 00:00:00','williamg','2025-04-01 00:00:00','williamg'),(1821,'596dedf4498e258e4bdc9fd70df9a859','8e296a067a37563370ded05f5a3bf3ec','72b32a1f754ba1c09b3695e0cb6cde7f','2025-04-02 00:00:00','','2025-04-02 00:00:00','harpere','2025-04-02 00:00:00','harpere'),(1822,'0e087ec55dcbe7b2d7992d6b69b519fb','02e74f10e0327ad868d138f2b4fdd6f0','72b32a1f754ba1c09b3695e0cb6cde7f','2025-04-02 00:00:00','','2025-04-02 00:00:00','harpere','2025-04-02 00:00:00','harpere'),(1823,'14cfdb59b5bda1fc245aadae15b1984a','d67d8ab4f4c10bf22aa353e27879133c','72b32a1f754ba1c09b3695e0cb6cde7f','2025-04-03 00:00:00','','2025-04-03 00:00:00','masonp','2025-04-03 00:00:00','masonp'),(1824,'2647c1dba23bc0e0f9cdf75339e120d2','c51ce410c124a10e0db5e4b97fc2af39','72b32a1f754ba1c09b3695e0cb6cde7f','2025-04-04 00:00:00','','2025-04-04 00:00:00','liamg','2025-04-04 00:00:00','liamg'),(1825,'ed519dacc89b2bead3f453b0b05a4a8b','34173cb38f07f89ddbebc2ac9128303f','72b32a1f754ba1c09b3695e0cb6cde7f','2025-04-05 00:00:00','','2025-04-05 00:00:00','lilyb','2025-04-05 00:00:00','lilyb'),(1827,'fface8385abbf94b4593a0ed53a0c70f','b6d767d2f8ed5d21a44b0e5886680cb9','66f041e16a60928b05a7e228a89c3799','2025-04-01 00:00:00','','2025-04-01 00:00:00','jacksone','2025-04-01 00:00:00','jacksone'),(1828,'4496bf24afe7fab6f046bf4923da8de6','6c8349cc7260ae62e3b1396831a8398f','66f041e16a60928b05a7e228a89c3799','2025-04-02 00:00:00','','2025-04-02 00:00:00','benjaminf','2025-04-02 00:00:00','benjaminf'),(1829,'aa2a77371374094fe9e0bc1de3f94ed9','67c6a1e7ce56d3d6fa748ab6d9af3fd7','66f041e16a60928b05a7e228a89c3799','2025-04-03 00:00:00','','2025-04-03 00:00:00','lincolnk','2025-04-03 00:00:00','lincolnk'),(1832,'61b1fb3f59e28c67f3925f3c79be81a1','17e62166fc8586dfa4d1bc0e1742c08b','66f041e16a60928b05a7e228a89c3799','2025-04-05 00:00:00','','2025-04-05 00:00:00','evanr','2025-04-05 00:00:00','evanr'),(1833,'9a1de01f893e0d2551ecbb7ce4dc963e','d67d8ab4f4c10bf22aa353e27879133c','66f041e16a60928b05a7e228a89c3799','2025-04-07 00:00:00','','2025-04-07 00:00:00','masonp','2025-04-07 00:00:00','masonp'),(1834,'d757719ed7c2b66dd17dcee2a3cb29f4','d645920e395fedad7bbbed0eca3fe2e0','66f041e16a60928b05a7e228a89c3799','2025-04-08 00:00:00','','2025-04-08 00:00:00','ariar','2025-04-08 00:00:00','ariar'),(1835,'dfce06801e1a85d6d06f1fdd4475dacd','c20ad4d76fe97759aa27a0c99bff6710','093f65e080a295f8076b1c5722a46aa2','2025-04-01 00:00:00','','2025-04-01 00:00:00','isabellad','2025-04-01 00:00:00','isabellad'),(1836,'f26dab9bf6a137c3b6782e562794c2f2','f457c545a9ded88f18ecee47145a72c0','093f65e080a295f8076b1c5722a46aa2','2025-04-02 00:00:00','','2025-04-02 00:00:00','nicholasb','2025-04-02 00:00:00','nicholasb'),(1837,'85f007f8c50dd25f5a45fca73cad64bd','6f4922f45568161a8cdf4ad2299f6d23','093f65e080a295f8076b1c5722a46aa2','2025-04-03 00:00:00','','2025-04-03 00:00:00','averyp','2025-04-03 00:00:00','averyp'),(1839,'728f206c2a01bf572b5940d7d9a8fa4c','b6d767d2f8ed5d21a44b0e5886680cb9','093f65e080a295f8076b1c5722a46aa2','2025-04-05 00:00:00','','2025-04-05 00:00:00','jacksone','2025-04-05 00:00:00','jacksone'),(1840,'201d7288b4c18a679e48b31c72c30ded','37693cfc748049e45d87b8c7d8b9aacd','093f65e080a295f8076b1c5722a46aa2','2025-04-06 00:00:00','','2025-04-06 00:00:00','madisonc','2025-04-06 00:00:00','madisonc'),(1841,'e8dfff4676a47048d6f0c4ef899593dd','8e296a067a37563370ded05f5a3bf3ec','093f65e080a295f8076b1c5722a46aa2','2025-04-07 00:00:00','','2025-04-07 00:00:00','chloem','2025-04-07 00:00:00','chloem'),(1842,'57c0531e13f40b91b3b0f1a30b529a1d','67c6a1e7ce56d3d6fa748ab6d9af3fd7','093f65e080a295f8076b1c5722a46aa2','2025-04-08 00:00:00','','2025-04-08 00:00:00','nicholasb','2025-04-08 00:00:00','nicholasb'),(1844,'06a15eb1c3836723b53e4abca8d9b879','c16a5320fa475530d9583c34fd356ef5','093f65e080a295f8076b1c5722a46aa2','2025-04-10 00:00:00','','2025-04-10 00:00:00','henryh','2025-04-10 00:00:00','henryh'),(1845,'59bcda7c438bad7d2afffe9e2fed00be','1f0e3dad99908345f7439f8ffabdffc4','093f65e080a295f8076b1c5722a46aa2','2025-04-11 00:00:00','','2025-04-11 00:00:00','evelyns','2025-04-11 00:00:00','evelyns'),(1846,'f45a1078feb35de77d26b3f7a52ef502','aab3238922bcc25a6f606eb525ffdc56','072b030ba126b2f4b2374f342be9ed44','2025-04-02 00:00:00','','2025-04-02 00:00:00','miar','2025-04-02 00:00:00','miar'),(1847,'82cadb0649a3af4968404c9f6031b233','37693cfc748049e45d87b8c7d8b9aacd','072b030ba126b2f4b2374f342be9ed44','2025-04-03 00:00:00','','2025-04-03 00:00:00','madisonc','2025-04-03 00:00:00','madisonc'),(1848,'7385db9a3f11415bc0e9e2625fae3734','eccbc87e4b5ce2fe28308fd9f2a7baf3','072b030ba126b2f4b2374f342be9ed44','2025-04-04 00:00:00','','2025-04-04 00:00:00','viky','2025-04-04 00:00:00','viky'),(1849,'cd63a3eec3319fd9c84c942a08316e00','c51ce410c124a10e0db5e4b97fc2af39','072b030ba126b2f4b2374f342be9ed44','2025-04-05 00:00:00','','2025-04-05 00:00:00','liamg','2025-04-05 00:00:00','liamg'),(1850,'8c3039bd5842dca3d944faab91447818','33e75ff09dd601bbe69f351039152189','072b030ba126b2f4b2374f342be9ed44','2025-04-06 00:00:00','','2025-04-06 00:00:00','evelyng','2025-04-06 00:00:00','evelyng'),(1851,'ff1418e8cc993fe8abcfe3ce2003e5c5','8e296a067a37563370ded05f5a3bf3ec','072b030ba126b2f4b2374f342be9ed44','2025-04-07 00:00:00','','2025-04-07 00:00:00','chloem','2025-04-07 00:00:00','chloem'),(1852,'eb1e78328c46506b46a4ac4a1e378b91','02e74f10e0327ad868d138f2b4fdd6f0','072b030ba126b2f4b2374f342be9ed44','2025-04-08 00:00:00','','2025-04-08 00:00:00','harpere','2025-04-08 00:00:00','harpere'),(1853,'7503cfacd12053d309b6bed5c89de212','6364d3f0f495b6ab9dcf8d3b5c6e0b01','072b030ba126b2f4b2374f342be9ed44','2025-04-09 00:00:00','','2025-04-09 00:00:00','addisonw','2025-04-09 00:00:00','addisonw'),(1854,'49ad23d1ec9fa4bd8d77d02681df5cfa','c0c7c76d30bd3dcaefc96f40275bdc0a','072b030ba126b2f4b2374f342be9ed44','2025-04-10 00:00:00','','2025-04-10 00:00:00','lunar','2025-04-10 00:00:00','lunar'),(1855,'6ae07dcb33ec3b7c814df797cbda0f87','9bf31c7ff062936a96d3c8bd1f8f2ff3','072b030ba126b2f4b2374f342be9ed44','2025-04-11 00:00:00','','2025-04-11 00:00:00','noahh','2025-04-11 00:00:00','noahh'),(1856,'3c947bc2f7ff007b86a9428b74654de5','e4da3b7fbbce2345d7772b0674a318d5','072b030ba126b2f4b2374f342be9ed44','2025-04-12 00:00:00','','2025-04-12 00:00:00','emmaj','2025-04-12 00:00:00','emmaj'),(1857,'a3545bd79d31f9a72d3a78690adf73fc','8f14e45fceea167a5a36dedd4bea2543','072b030ba126b2f4b2374f342be9ed44','2025-04-12 00:00:00','','2025-04-12 00:00:00','emmaj','2025-04-12 00:00:00','emmaj'),(1858,'d7fd118e6f226a71b5f1ffe10efd0a78','d645920e395fedad7bbbed0eca3fe2e0','072b030ba126b2f4b2374f342be9ed44','2025-04-13 00:00:00','','2025-04-13 00:00:00','ariar','2025-04-13 00:00:00','ariar'),(1859,'537de305e941fccdbba5627e3eefbb24','a5bfc9e07964f8dddeb95fc584cd965d','072b030ba126b2f4b2374f342be9ed44','2025-04-14 00:00:00','','2025-04-14 00:00:00','jackw','2025-04-14 00:00:00','jackw'),(1860,'96c5c28becf18e71190460a9955aa4d8','d9d4f495e875a2e075a1a4a6e1b9770f','072b030ba126b2f4b2374f342be9ed44','2025-04-15 00:00:00','','2025-04-15 00:00:00','scarlettw','2025-04-15 00:00:00','scarlettw'),(1861,'f9d1152547c0bde01830b7e8bd60024c','8e296a067a37563370ded05f5a3bf3ec','7f39f8317fbdb1988ef4c628eba02591','2025-04-03 00:00:00','','2025-04-03 00:00:00','chloem','2025-04-03 00:00:00','chloem'),(1862,'4e87337f366f72daa424dae11df0538c','33e75ff09dd601bbe69f351039152189','7f39f8317fbdb1988ef4c628eba02591','2025-04-04 00:00:00','','2025-04-04 00:00:00','evelyng','2025-04-04 00:00:00','evelyng'),(1863,'09fb05dd477d4ae6479985ca56c5a12d','d3d9446802a44259755d38e6d163e820','7f39f8317fbdb1988ef4c628eba02591','2025-04-05 00:00:00','','2025-04-05 00:00:00','avat','2025-04-05 00:00:00','avat'),(1865,'69d1fc78dbda242c43ad6590368912d4','17e62166fc8586dfa4d1bc0e1742c08b','7f39f8317fbdb1988ef4c628eba02591','2025-04-06 00:00:00','','2025-04-06 00:00:00','evanr','2025-04-06 00:00:00','evanr'),(1866,'19de10adbaa1b2ee13f77f679fa1483a','37693cfc748049e45d87b8c7d8b9aacd','7f39f8317fbdb1988ef4c628eba02591','2025-04-09 00:00:00','','2025-04-09 00:00:00','madisonc','2025-04-09 00:00:00','madisonc'),(1867,'a19acd7d2689207f9047f8cb01357370','6512bd43d9caa6e02c990b0a82652dca','1679091c5a880faf6fb5e6087eb1b2dc','2025-02-07 00:00:00','','2025-02-07 00:00:00','ethanm','2025-02-07 00:00:00','ethanm'),(1868,'c164bbc9d6c72a52c599bbb43d8db8e1','67c6a1e7ce56d3d6fa748ab6d9af3fd7','1679091c5a880faf6fb5e6087eb1b2dc','2025-02-09 00:00:00','','2025-02-09 00:00:00','lincolnk','2025-02-09 00:00:00','lincolnk'),(1869,'68c694de94e6c110f42e587e8e48d852','c81e728d9d4c2f636f067f89cc14862c','1679091c5a880faf6fb5e6087eb1b2dc','2025-02-10 00:00:00','','2025-02-10 00:00:00','admin','2025-02-10 00:00:00','admin'),(1872,'2f25f6e326adb93c5787175dda209ab6','34173cb38f07f89ddbebc2ac9128303f','1679091c5a880faf6fb5e6087eb1b2dc','2025-02-12 00:00:00','','2025-02-12 00:00:00','lilyb','2025-02-12 00:00:00','lilyb'),(1873,'d4b2aeb2453bdadaa45cbe9882ffefcf','8f14e45fceea167a5a36dedd4bea2543','1679091c5a880faf6fb5e6087eb1b2dc','2025-02-13 00:00:00','','2025-02-13 00:00:00','emmaj','2025-02-13 00:00:00','emmaj'),(1874,'958adb57686c2fdec5796398de5f317a','e4da3b7fbbce2345d7772b0674a318d5','8f14e45fceea167a5a36dedd4bea2543','2025-02-09 00:00:00','','2025-02-09 00:00:00','sophiab','2025-02-09 00:00:00','sophiab'),(1875,'7e9e346dc5fd268b49bf418523af8679','19ca14e7ea6328a42e0eb13d585e4c22','8f14e45fceea167a5a36dedd4bea2543','2025-02-10 00:00:00','','2025-02-10 00:00:00','sofiam','2025-02-10 00:00:00','sofiam'),(1876,'ba9a56ce0a9bfa26e8ed9e10b2cc8f46','17e62166fc8586dfa4d1bc0e1742c08b','8f14e45fceea167a5a36dedd4bea2543','2025-02-11 00:00:00','','2025-02-11 00:00:00','evanr','2025-02-11 00:00:00','evanr'),(1877,'f31b20466ae89669f9741e047487eb37','c20ad4d76fe97759aa27a0c99bff6710','8f14e45fceea167a5a36dedd4bea2543','2025-02-12 00:00:00','','2025-02-12 00:00:00','isabellad','2025-02-12 00:00:00','isabellad'),(1878,'dc5d637ed5e62c36ecb73b654b05ba2a','c51ce410c124a10e0db5e4b97fc2af39','8f14e45fceea167a5a36dedd4bea2543','2025-02-13 00:00:00','','2025-02-13 00:00:00','noahh','2025-02-13 00:00:00','noahh'),(1879,'44a2e0804995faf8d2e3b084a1e2db1d','9bf31c7ff062936a96d3c8bd1f8f2ff3','8f14e45fceea167a5a36dedd4bea2543','2025-02-13 00:00:00','','2025-02-13 00:00:00','noahh','2025-02-13 00:00:00','noahh'),(1880,'3214a6d842cc69597f9edf26df552e43','b6d767d2f8ed5d21a44b0e5886680cb9','8f14e45fceea167a5a36dedd4bea2543','2025-02-14 00:00:00','','2025-02-14 00:00:00','jacksone','2025-02-14 00:00:00','jacksone'),(1881,'b4568df26077653eeadf29596708c94b','6f4922f45568161a8cdf4ad2299f6d23','8f14e45fceea167a5a36dedd4bea2543','2025-02-15 00:00:00','','2025-02-15 00:00:00','averyp','2025-02-15 00:00:00','averyp'),(1882,'e1314fc026da60d837353d20aefaf054','3c59dc048e8850243be8079a5c74d079','c9f0f895fb98ab9159f51fd0297e236d','2025-02-10 00:00:00','','2025-02-10 00:00:00','abigailr','2025-02-10 00:00:00','abigailr'),(1883,'c45008212f7bdf6eab6050c2a564435a','37693cfc748049e45d87b8c7d8b9aacd','c9f0f895fb98ab9159f51fd0297e236d','2025-02-11 00:00:00','','2025-02-11 00:00:00','madisonc','2025-02-11 00:00:00','madisonc'),(1885,'d523773c6b194f37b938d340d5d02232','98f13708210194c475687be6106a3b84','c9f0f895fb98ab9159f51fd0297e236d','2025-02-15 00:00:00','','2025-02-15 00:00:00','logant','2025-02-15 00:00:00','logant'),(1886,'c366c2c97d47b02b24c3ecade4c40a01','1679091c5a880faf6fb5e6087eb1b2dc','c9f0f895fb98ab9159f51fd0297e236d','2025-02-16 00:00:00','','2025-02-16 00:00:00','oliviaw','2025-02-16 00:00:00','oliviaw'),(1887,'7302e3f5e7c072aea8801faf8a492be0','c9f0f895fb98ab9159f51fd0297e236d','c9f0f895fb98ab9159f51fd0297e236d','2025-02-16 00:00:00','','2025-02-16 00:00:00','oliviaw','2025-02-16 00:00:00','oliviaw'),(1888,'2d1b2a5ff364606ff041650887723470','d9d4f495e875a2e075a1a4a6e1b9770f','c9f0f895fb98ab9159f51fd0297e236d','2025-02-17 00:00:00','','2025-02-17 00:00:00','scarlettw','2025-02-17 00:00:00','scarlettw'),(1889,'68148596109e38cf9367d27875e185be','d3d9446802a44259755d38e6d163e820','c9f0f895fb98ab9159f51fd0297e236d','2025-02-18 00:00:00','','2025-02-18 00:00:00','avat','2025-02-18 00:00:00','avat'),(1890,'865dfbde8a344b44095495f3591f7407','33e75ff09dd601bbe69f351039152189','c9f0f895fb98ab9159f51fd0297e236d','2025-02-19 00:00:00','','2025-02-19 00:00:00','evelyng','2025-02-19 00:00:00','evelyng'),(1892,'ca460332316d6da84b08b9bcf39b687b','1679091c5a880faf6fb5e6087eb1b2dc','45c48cce2e2d7fbdea1afc51c7c6ad26','2025-02-13 00:00:00','','2025-02-13 00:00:00','jamesd','2025-02-13 00:00:00','jamesd'),(1893,'56f9f88906aebf4ad985aaec7fa01313','182be0c5cdcd5072bb1864cdee4d3d6e','45c48cce2e2d7fbdea1afc51c7c6ad26','2025-02-14 00:00:00','','2025-02-14 00:00:00','gabriela','2025-02-14 00:00:00','gabriela'),(1894,'5fa9e41bfec0725742cc9d15ef594120','33e75ff09dd601bbe69f351039152189','45c48cce2e2d7fbdea1afc51c7c6ad26','2025-02-17 00:00:00','','2025-02-17 00:00:00','evelyng','2025-02-17 00:00:00','evelyng'),(1895,'059fdcd96baeb75112f09fa1dcc740cc','d9d4f495e875a2e075a1a4a6e1b9770f','45c48cce2e2d7fbdea1afc51c7c6ad26','2025-02-18 00:00:00','','2025-02-18 00:00:00','scarlettw','2025-02-18 00:00:00','scarlettw'),(1896,'e06f967fb0d355592be4e7674fa31d26','9bf31c7ff062936a96d3c8bd1f8f2ff3','45c48cce2e2d7fbdea1afc51c7c6ad26','2025-02-19 00:00:00','','2025-02-19 00:00:00','noahh','2025-02-19 00:00:00','noahh'),(1897,'af3303f852abeccd793068486a391626','eccbc87e4b5ce2fe28308fd9f2a7baf3','45c48cce2e2d7fbdea1afc51c7c6ad26','2025-02-20 00:00:00','','2025-02-20 00:00:00','sophiab','2025-02-20 00:00:00','sophiab'),(1898,'11f524c3fbfeeca4aa916edcb6b6392e','e4da3b7fbbce2345d7772b0674a318d5','45c48cce2e2d7fbdea1afc51c7c6ad26','2025-02-20 00:00:00','','2025-02-20 00:00:00','sophiab','2025-02-20 00:00:00','sophiab'),(1903,'944626adf9e3b76a3919b50dc0b080a4','6512bd43d9caa6e02c990b0a82652dca','d3d9446802a44259755d38e6d163e820','2025-02-13 00:00:00','','2025-02-13 00:00:00','ethanm','2025-02-13 00:00:00','ethanm'),(1904,'c91591a8d461c2869b9f535ded3e213e','17e62166fc8586dfa4d1bc0e1742c08b','d3d9446802a44259755d38e6d163e820','2025-02-14 00:00:00','','2025-02-14 00:00:00','evanr','2025-02-14 00:00:00','evanr'),(1905,'73e0f7487b8e5297182c5a711d20bf26','d645920e395fedad7bbbed0eca3fe2e0','d3d9446802a44259755d38e6d163e820','2025-02-15 00:00:00','','2025-02-15 00:00:00','ariar','2025-02-15 00:00:00','ariar'),(1906,'dea9ddb25cbf2352cf4dec30222a02a5','1ff1de774005f8da13f42943881c655f','d3d9446802a44259755d38e6d163e820','2025-02-17 00:00:00','','2025-02-17 00:00:00','elijahs','2025-02-17 00:00:00','elijahs'),(1907,'77369e37b2aa1404f416275183ab055f','a5771bce93e200c36f7cd9dfd0e5deaa','6512bd43d9caa6e02c990b0a82652dca','2025-02-12 00:00:00','','2025-02-12 00:00:00','harpert','2025-02-12 00:00:00','harpert'),(1908,'65699726a3c601b9f31bf04019c8593c','6512bd43d9caa6e02c990b0a82652dca','6512bd43d9caa6e02c990b0a82652dca','2025-02-13 00:00:00','','2025-02-13 00:00:00','ethanm','2025-02-13 00:00:00','ethanm'),(1909,'0609154fa35b3194026346c9cac2a248','6f4922f45568161a8cdf4ad2299f6d23','6512bd43d9caa6e02c990b0a82652dca','2025-02-15 00:00:00','','2025-02-15 00:00:00','averyp','2025-02-15 00:00:00','averyp'),(1910,'ab7314887865c4265e896c6e209d1cd6','6c8349cc7260ae62e3b1396831a8398f','6512bd43d9caa6e02c990b0a82652dca','2025-02-16 00:00:00','','2025-02-16 00:00:00','benjaminf','2025-02-16 00:00:00','benjaminf'),(1911,'04df4d434d481c5bb723be1b6df1ee65','c16a5320fa475530d9583c34fd356ef5','6512bd43d9caa6e02c990b0a82652dca','2025-02-17 00:00:00','','2025-02-17 00:00:00','henryh','2025-02-17 00:00:00','henryh'),(1912,'ff7d0f525b3be596a51fb919492c099c','f7177163c833dff4b38fc8d2872f1ec6','6512bd43d9caa6e02c990b0a82652dca','2025-02-18 00:00:00','','2025-02-18 00:00:00','averyc','2025-02-18 00:00:00','averyc'),(1913,'c44799b04a1c72e3c8593a53e8000c78','1f0e3dad99908345f7439f8ffabdffc4','6512bd43d9caa6e02c990b0a82652dca','2025-02-20 00:00:00','','2025-02-20 00:00:00','evelyns','2025-02-20 00:00:00','evelyns'),(1914,'07a4e20a7bbeeb7a736682b26b16ebe8','8e296a067a37563370ded05f5a3bf3ec','c20ad4d76fe97759aa27a0c99bff6710','2025-02-13 00:00:00','','2025-02-13 00:00:00','chloem','2025-02-13 00:00:00','chloem'),(1915,'b432f34c5a997c8e7c806a895ecc5e25','e4da3b7fbbce2345d7772b0674a318d5','c20ad4d76fe97759aa27a0c99bff6710','2025-02-14 00:00:00','','2025-02-14 00:00:00','sophiab','2025-02-14 00:00:00','sophiab'),(1917,'cb79f8fa58b91d3af6c9c991f63962d3','33e75ff09dd601bbe69f351039152189','c20ad4d76fe97759aa27a0c99bff6710','2025-02-16 00:00:00','','2025-02-16 00:00:00','evelyng','2025-02-16 00:00:00','evelyng'),(1918,'e74c0d42b4433905293aab661fcf8ddb','b6d767d2f8ed5d21a44b0e5886680cb9','c20ad4d76fe97759aa27a0c99bff6710','2025-02-17 00:00:00','','2025-02-17 00:00:00','jacksone','2025-02-17 00:00:00','jacksone'),(1919,'8c8a58fa97c205ff222de3685497742c','3c59dc048e8850243be8079a5c74d079','c20ad4d76fe97759aa27a0c99bff6710','2025-02-18 00:00:00','','2025-02-18 00:00:00','abigailr','2025-02-18 00:00:00','abigailr'),(1920,'44968aece94f667e4095002d140b5896','a5bfc9e07964f8dddeb95fc584cd965d','c20ad4d76fe97759aa27a0c99bff6710','2025-02-19 00:00:00','','2025-02-19 00:00:00','jackw','2025-02-19 00:00:00','jackw'),(1921,'9f6992966d4c363ea0162a056cb45fe5','182be0c5cdcd5072bb1864cdee4d3d6e','c20ad4d76fe97759aa27a0c99bff6710','2025-02-20 00:00:00','','2025-02-20 00:00:00','gabriela','2025-02-20 00:00:00','gabriela'),(1922,'333222170ab9edca4785c39f55221fe7','6f4922f45568161a8cdf4ad2299f6d23','c20ad4d76fe97759aa27a0c99bff6710','2025-02-22 00:00:00','','2025-02-22 00:00:00','averyp','2025-02-22 00:00:00','averyp'),(1923,'414e773d5b7e5c06d564f594bf6384d0','1c383cd30b7c298ab50293adfecb7b18','c20ad4d76fe97759aa27a0c99bff6710','2025-02-23 00:00:00','','2025-02-23 00:00:00','carterb','2025-02-23 00:00:00','carterb'),(1925,'0950ca92a4dcf426067cfd2246bb5ff3','c16a5320fa475530d9583c34fd356ef5','c51ce410c124a10e0db5e4b97fc2af39','2025-02-19 00:00:00','','2025-02-19 00:00:00','henryh','2025-02-19 00:00:00','henryh'),(1926,'5103c3584b063c431bd1268e9b5e76fb','8f14e45fceea167a5a36dedd4bea2543','c51ce410c124a10e0db5e4b97fc2af39','2025-02-21 00:00:00','','2025-02-21 00:00:00','emmaj','2025-02-21 00:00:00','emmaj'),(1927,'e5b294b70c9647dcf804d7baa1903918','182be0c5cdcd5072bb1864cdee4d3d6e','c51ce410c124a10e0db5e4b97fc2af39','2025-02-22 00:00:00','','2025-02-22 00:00:00','gabriela','2025-02-22 00:00:00','gabriela'),(1928,'5bce843dd76db8c939d5323dd3e54ec9','d3d9446802a44259755d38e6d163e820','c51ce410c124a10e0db5e4b97fc2af39','2025-02-23 00:00:00','','2025-02-23 00:00:00','avat','2025-02-23 00:00:00','avat'),(1929,'139f0874f2ded2e41b0393c4ac5644f7','34173cb38f07f89ddbebc2ac9128303f','c51ce410c124a10e0db5e4b97fc2af39','2025-02-24 00:00:00','','2025-02-24 00:00:00','addisonw','2025-02-24 00:00:00','addisonw'),(1930,'29530de21430b7540ec3f65135f7323c','e4da3b7fbbce2345d7772b0674a318d5','c51ce410c124a10e0db5e4b97fc2af39','2025-02-25 00:00:00','','2025-02-25 00:00:00','sophiab','2025-02-25 00:00:00','sophiab'),(1931,'15d185eaa7c954e77f5343d941e25fbd','6512bd43d9caa6e02c990b0a82652dca','c51ce410c124a10e0db5e4b97fc2af39','2025-02-26 00:00:00','','2025-02-26 00:00:00','ethanm','2025-02-26 00:00:00','ethanm'),(1932,'52d2752b150f9c35ccb6869cbf074e48','642e92efb79421734881b53e1e1b18b6','c51ce410c124a10e0db5e4b97fc2af39','2025-02-27 00:00:00','','2025-02-27 00:00:00','hannahr','2025-02-27 00:00:00','hannahr'),(1933,'1e913e1b06ead0b66e30b6867bf63549','02e74f10e0327ad868d138f2b4fdd6f0','aab3238922bcc25a6f606eb525ffdc56','2025-02-15 00:00:00','','2025-02-15 00:00:00','harpere','2025-02-15 00:00:00','harpere'),(1934,'8562ae5e286544710b2e7ebe9858833b','aab3238922bcc25a6f606eb525ffdc56','aab3238922bcc25a6f606eb525ffdc56','2025-02-16 00:00:00','','2025-02-16 00:00:00','miar','2025-02-16 00:00:00','miar'),(1935,'8d55a249e6baa5c06772297520da2051','d645920e395fedad7bbbed0eca3fe2e0','aab3238922bcc25a6f606eb525ffdc56','2025-02-18 00:00:00','','2025-02-18 00:00:00','ariar','2025-02-18 00:00:00','ariar'),(1936,'11108a3dbfe4636cb40b84b803b2fff6','19ca14e7ea6328a42e0eb13d585e4c22','aab3238922bcc25a6f606eb525ffdc56','2025-02-19 00:00:00','','2025-02-19 00:00:00','sofiam','2025-02-19 00:00:00','sofiam'),(1937,'136f951362dab62e64eb8e841183c2a9','c51ce410c124a10e0db5e4b97fc2af39','aab3238922bcc25a6f606eb525ffdc56','2025-02-20 00:00:00','','2025-02-20 00:00:00','liamg','2025-02-20 00:00:00','liamg'),(1940,'95e6834d0a3d99e9ea8811855ae9229d','c0c7c76d30bd3dcaefc96f40275bdc0a','9bf31c7ff062936a96d3c8bd1f8f2ff3','2025-02-18 00:00:00','','2025-02-18 00:00:00','lunar','2025-02-18 00:00:00','lunar'),(1942,'519c84155964659375821f7ca576f095','6f4922f45568161a8cdf4ad2299f6d23','9bf31c7ff062936a96d3c8bd1f8f2ff3','2025-02-20 00:00:00','','2025-02-20 00:00:00','averyp','2025-02-20 00:00:00','averyp'),(1943,'c3395dd46c34fa7fd8d729d8cf88b7a8','17e62166fc8586dfa4d1bc0e1742c08b','9bf31c7ff062936a96d3c8bd1f8f2ff3','2025-02-21 00:00:00','','2025-02-21 00:00:00','benjaminf','2025-02-21 00:00:00','benjaminf'),(1944,'6f2688a5fce7d48c8d19762b88c32c3b','6c8349cc7260ae62e3b1396831a8398f','9bf31c7ff062936a96d3c8bd1f8f2ff3','2025-02-21 00:00:00','','2025-02-21 00:00:00','benjaminf','2025-02-21 00:00:00','benjaminf'),(1945,'2d00f43f07911355d4151f13925ff292','c20ad4d76fe97759aa27a0c99bff6710','9bf31c7ff062936a96d3c8bd1f8f2ff3','2025-02-22 00:00:00','','2025-02-22 00:00:00','isabellad','2025-02-22 00:00:00','isabellad'),(1946,'1f71e393b3809197ed66df836fe833e5','3c59dc048e8850243be8079a5c74d079','9bf31c7ff062936a96d3c8bd1f8f2ff3','2025-02-24 00:00:00','','2025-02-24 00:00:00','abigailr','2025-02-24 00:00:00','abigailr'),(1947,'de03beffeed9da5f3639a621bcab5dd4','67c6a1e7ce56d3d6fa748ab6d9af3fd7','17e62166fc8586dfa4d1bc0e1742c08b','2025-03-16 00:00:00','','2025-03-16 00:00:00','lincolnk','2025-03-16 00:00:00','lincolnk'),(1948,'7ca57a9f85a19a6e4b9a248c1daca185','d9d4f495e875a2e075a1a4a6e1b9770f','17e62166fc8586dfa4d1bc0e1742c08b','2025-03-17 00:00:00','','2025-03-17 00:00:00','scarlettw','2025-03-17 00:00:00','scarlettw'),(1949,'36ac8e558ac7690b6f44e2cb5ef93322','8e296a067a37563370ded05f5a3bf3ec','17e62166fc8586dfa4d1bc0e1742c08b','2025-03-18 00:00:00','','2025-03-18 00:00:00','chloem','2025-03-18 00:00:00','chloem'),(1950,'03e7d2ebec1e820ac34d054df7e68f48','e4da3b7fbbce2345d7772b0674a318d5','17e62166fc8586dfa4d1bc0e1742c08b','2025-03-19 00:00:00','','2025-03-19 00:00:00','sophiab','2025-03-19 00:00:00','sophiab'),(1951,'6a508a60aa3bf9510ea6acb021c94b48','c9f0f895fb98ab9159f51fd0297e236d','17e62166fc8586dfa4d1bc0e1742c08b','2025-03-21 00:00:00','','2025-03-21 00:00:00','oliviaw','2025-03-21 00:00:00','oliviaw'),(1952,'1113d7a76ffceca1bb350bfe145467c6','b6d767d2f8ed5d21a44b0e5886680cb9','17e62166fc8586dfa4d1bc0e1742c08b','2025-03-22 00:00:00','','2025-03-22 00:00:00','jacksone','2025-03-22 00:00:00','jacksone'),(1953,'a38b16173474ba8b1a95bcbc30d3b8a5','70efdf2ec9b086079795c442636b55fb','17e62166fc8586dfa4d1bc0e1742c08b','2025-03-23 00:00:00','','2025-03-23 00:00:00','evelyns','2025-03-23 00:00:00','evelyns'),(1954,'5a7f963e5e0504740c3a6b10bb6d4fa5','1f0e3dad99908345f7439f8ffabdffc4','17e62166fc8586dfa4d1bc0e1742c08b','2025-03-23 00:00:00','','2025-03-23 00:00:00','evelyns','2025-03-23 00:00:00','evelyns'),(1955,'378a063b8fdb1db941e34f4bde584c7d','c0c7c76d30bd3dcaefc96f40275bdc0a','17e62166fc8586dfa4d1bc0e1742c08b','2025-03-24 00:00:00','','2025-03-24 00:00:00','lunar','2025-03-24 00:00:00','lunar'),(1956,'e3408432c1a48a52fb6c74d926b38886','f7177163c833dff4b38fc8d2872f1ec6','17e62166fc8586dfa4d1bc0e1742c08b','2025-03-25 00:00:00','','2025-03-25 00:00:00','averyc','2025-03-25 00:00:00','averyc'),(1958,'d77f00766fd3be3f2189c843a6af3fb2','d3d9446802a44259755d38e6d163e820','f7177163c833dff4b38fc8d2872f1ec6','2025-03-17 00:00:00','','2025-03-17 00:00:00','avat','2025-03-17 00:00:00','avat'),(1959,'e4dd5528f7596dcdf871aa55cfccc53c','e4da3b7fbbce2345d7772b0674a318d5','f7177163c833dff4b38fc8d2872f1ec6','2025-03-18 00:00:00','','2025-03-18 00:00:00','sophiab','2025-03-18 00:00:00','sophiab'),(1960,'7f16109f1619fd7a733daf5a84c708c1','1ff1de774005f8da13f42943881c655f','f7177163c833dff4b38fc8d2872f1ec6','2025-03-20 00:00:00','','2025-03-20 00:00:00','elijahs','2025-03-20 00:00:00','elijahs'),(1961,'f106b7f99d2cb30c3db1c3cc0fde9ccb','6f4922f45568161a8cdf4ad2299f6d23','f7177163c833dff4b38fc8d2872f1ec6','2025-03-21 00:00:00','','2025-03-21 00:00:00','averyp','2025-03-21 00:00:00','averyp'),(1962,'95f6870ff3dcd442254e334a9033d349','1c383cd30b7c298ab50293adfecb7b18','f7177163c833dff4b38fc8d2872f1ec6','2025-03-24 00:00:00','','2025-03-24 00:00:00','carterb','2025-03-24 00:00:00','carterb'),(1963,'c215b446bcdf956d848a8419c1b5a920','67c6a1e7ce56d3d6fa748ab6d9af3fd7','f7177163c833dff4b38fc8d2872f1ec6','2025-03-25 00:00:00','','2025-03-25 00:00:00','lincolnk','2025-03-25 00:00:00','lincolnk'),(1964,'39dcaf7a053dc372fbc391d4e6b5d693','f457c545a9ded88f18ecee47145a72c0','f7177163c833dff4b38fc8d2872f1ec6','2025-03-27 00:00:00','','2025-03-27 00:00:00','nicholasb','2025-03-27 00:00:00','nicholasb'),(1965,'d46e1fcf4c07ce4a69ee07e4134bcef1','d67d8ab4f4c10bf22aa353e27879133c','f7177163c833dff4b38fc8d2872f1ec6','2025-03-28 00:00:00','','2025-03-28 00:00:00','masonp','2025-03-28 00:00:00','masonp'),(1966,'3683af9d6f6c06acee72992f2977f67e','d645920e395fedad7bbbed0eca3fe2e0','6c8349cc7260ae62e3b1396831a8398f','2025-03-18 00:00:00','','2025-03-18 00:00:00','ariar','2025-03-18 00:00:00','ariar'),(1967,'a82d922b133be19c1171534e6594f754','c20ad4d76fe97759aa27a0c99bff6710','6c8349cc7260ae62e3b1396831a8398f','2025-03-20 00:00:00','','2025-03-20 00:00:00','isabellad','2025-03-20 00:00:00','isabellad'),(1968,'98c7242894844ecd6ec94af67ac8247d','f7177163c833dff4b38fc8d2872f1ec6','6c8349cc7260ae62e3b1396831a8398f','2025-03-21 00:00:00','','2025-03-21 00:00:00','scarlettw','2025-03-21 00:00:00','scarlettw'),(1969,'4d8556695c262ab91ff51a943fdd6058','d9d4f495e875a2e075a1a4a6e1b9770f','6c8349cc7260ae62e3b1396831a8398f','2025-03-21 00:00:00','','2025-03-21 00:00:00','scarlettw','2025-03-21 00:00:00','scarlettw'),(1971,'de73998802680548b916f1947ffbad76','1679091c5a880faf6fb5e6087eb1b2dc','d9d4f495e875a2e075a1a4a6e1b9770f','2025-03-20 00:00:00','','2025-03-20 00:00:00','jamesd','2025-03-20 00:00:00','jamesd'),(1972,'c4de8ced6214345614d33fb0b16a8acd','c9f0f895fb98ab9159f51fd0297e236d','d9d4f495e875a2e075a1a4a6e1b9770f','2025-03-21 00:00:00','','2025-03-21 00:00:00','oliviaw','2025-03-21 00:00:00','oliviaw'),(1973,'deb54ffb41e085fd7f69a75b6359c989','6f4922f45568161a8cdf4ad2299f6d23','d9d4f495e875a2e075a1a4a6e1b9770f','2025-03-22 00:00:00','','2025-03-22 00:00:00','averyp','2025-03-22 00:00:00','averyp'),(1974,'3d863b367aa379f71c7afc0c9cdca41d','67c6a1e7ce56d3d6fa748ab6d9af3fd7','d9d4f495e875a2e075a1a4a6e1b9770f','2025-03-23 00:00:00','','2025-03-23 00:00:00','lincolnk','2025-03-23 00:00:00','lincolnk'),(1975,'7d2b92b6726c241134dae6cd3fb8c182','c51ce410c124a10e0db5e4b97fc2af39','d9d4f495e875a2e075a1a4a6e1b9770f','2025-03-24 00:00:00','','2025-03-24 00:00:00','noahh','2025-03-24 00:00:00','noahh'),(1976,'dd055f53a45702fe05e449c30ac80df9','9bf31c7ff062936a96d3c8bd1f8f2ff3','d9d4f495e875a2e075a1a4a6e1b9770f','2025-03-24 00:00:00','','2025-03-24 00:00:00','noahh','2025-03-24 00:00:00','noahh'),(1977,'4afd521d77158e02aed37e2274b90c9c','c20ad4d76fe97759aa27a0c99bff6710','d9d4f495e875a2e075a1a4a6e1b9770f','2025-03-27 00:00:00','','2025-03-27 00:00:00','isabellad','2025-03-27 00:00:00','isabellad'),(1978,'405e28906322882c5be9b4b27f4c35fd','33e75ff09dd601bbe69f351039152189','67c6a1e7ce56d3d6fa748ab6d9af3fd7','2025-03-22 00:00:00','','2025-03-22 00:00:00','evelyng','2025-03-22 00:00:00','evelyng'),(1979,'798cebccb32617ad94123450fd137104','6c8349cc7260ae62e3b1396831a8398f','67c6a1e7ce56d3d6fa748ab6d9af3fd7','2025-03-23 00:00:00','','2025-03-23 00:00:00','benjaminf','2025-03-23 00:00:00','benjaminf'),(1980,'f80bf05527157a8c2a7bb63b22f49aaa','98f13708210194c475687be6106a3b84','67c6a1e7ce56d3d6fa748ab6d9af3fd7','2025-03-24 00:00:00','','2025-03-24 00:00:00','logant','2025-03-24 00:00:00','logant'),(1981,'b3b4d2dbedc99fe843fd3dedb02f086f','34173cb38f07f89ddbebc2ac9128303f','67c6a1e7ce56d3d6fa748ab6d9af3fd7','2025-03-25 00:00:00','','2025-03-25 00:00:00','lilyb','2025-03-25 00:00:00','lilyb'),(1982,'fb87582825f9d28a8d42c5e5e5e8b23d','17e62166fc8586dfa4d1bc0e1742c08b','67c6a1e7ce56d3d6fa748ab6d9af3fd7','2025-03-27 00:00:00','','2025-03-27 00:00:00','benjaminf','2025-03-27 00:00:00','benjaminf'),(1983,'1e4d36177d71bbb3558e43af9577d70e','37693cfc748049e45d87b8c7d8b9aacd','67c6a1e7ce56d3d6fa748ab6d9af3fd7','2025-03-29 00:00:00','','2025-03-29 00:00:00','madisonc','2025-03-29 00:00:00','madisonc'),(1984,'1b36ea1c9b7a1c3ad668b8bb5df7963f','f7177163c833dff4b38fc8d2872f1ec6','642e92efb79421734881b53e1e1b18b6','2025-03-21 00:00:00','','2025-03-21 00:00:00','averyc','2025-03-21 00:00:00','averyc'),(1985,'1f36c15d6a3d18d52e8d493bc8187cb9','c16a5320fa475530d9583c34fd356ef5','642e92efb79421734881b53e1e1b18b6','2025-03-22 00:00:00','','2025-03-22 00:00:00','henryh','2025-03-22 00:00:00','henryh'),(1987,'d68a18275455ae3eaa2c291eebb46e6d','d645920e395fedad7bbbed0eca3fe2e0','642e92efb79421734881b53e1e1b18b6','2025-03-26 00:00:00','','2025-03-26 00:00:00','ariar','2025-03-26 00:00:00','ariar'),(1988,'9d7311ba459f9e45ed746755a32dcd11','a5771bce93e200c36f7cd9dfd0e5deaa','642e92efb79421734881b53e1e1b18b6','2025-03-27 00:00:00','','2025-03-27 00:00:00','harpert','2025-03-27 00:00:00','harpert'),(1989,'4a3e00961a08879c34f91ca0070ea2f5','d3d9446802a44259755d38e6d163e820','642e92efb79421734881b53e1e1b18b6','2025-03-28 00:00:00','','2025-03-28 00:00:00','avat','2025-03-28 00:00:00','avat'),(1990,'dc513ea4fbdaa7a14786ffdebc4ef64e','642e92efb79421734881b53e1e1b18b6','642e92efb79421734881b53e1e1b18b6','2025-03-29 00:00:00','','2025-03-29 00:00:00','hannahr','2025-03-29 00:00:00','hannahr'),(1992,'d5c186983b52c4551ee00f72316c6eaa','9bf31c7ff062936a96d3c8bd1f8f2ff3','642e92efb79421734881b53e1e1b18b6','2025-04-02 00:00:00','','2025-04-02 00:00:00','noahh','2025-04-02 00:00:00','noahh'),(1993,'c5a4e7e6882845ea7bb4d9462868219b','a1d0c6e83f027327d8461063f4ac58a6','f457c545a9ded88f18ecee47145a72c0','2025-03-22 00:00:00','','2025-03-22 00:00:00','ellaa','2025-03-22 00:00:00','ellaa'),(1995,'3f088ebeda03513be71d34d214291986','d67d8ab4f4c10bf22aa353e27879133c','f457c545a9ded88f18ecee47145a72c0','2025-03-25 00:00:00','','2025-03-25 00:00:00','lucasg','2025-03-25 00:00:00','lucasg'),(1998,'c5b2cebf15b205503560c4e8e6d1ea78','c20ad4d76fe97759aa27a0c99bff6710','f457c545a9ded88f18ecee47145a72c0','2025-03-28 00:00:00','','2025-03-28 00:00:00','isabellad','2025-03-28 00:00:00','isabellad'),(1999,'5ec829debe54b19a5f78d9a65b900a39','eccbc87e4b5ce2fe28308fd9f2a7baf3','c0c7c76d30bd3dcaefc96f40275bdc0a','2025-03-23 00:00:00','','2025-03-23 00:00:00','viky','2025-03-23 00:00:00','viky'),(2000,'08f90c1a417155361a5c4b8d297e0d78','9bf31c7ff062936a96d3c8bd1f8f2ff3','c0c7c76d30bd3dcaefc96f40275bdc0a','2025-03-24 00:00:00','','2025-03-24 00:00:00','noahh','2025-03-24 00:00:00','noahh'),(2001,'d0fb963ff976f9c37fc81fe03c21ea7b','6364d3f0f495b6ab9dcf8d3b5c6e0b01','c0c7c76d30bd3dcaefc96f40275bdc0a','2025-03-25 00:00:00','','2025-03-25 00:00:00','addisonw','2025-03-25 00:00:00','addisonw'),(2002,'4ba29b9f9e5732ed33761840f4ba6c53','d67d8ab4f4c10bf22aa353e27879133c','c0c7c76d30bd3dcaefc96f40275bdc0a','2025-03-26 00:00:00','','2025-03-26 00:00:00','masonp','2025-03-26 00:00:00','masonp'),(2003,'a591024321c5e2bdbd23ed35f0574dde','d3d9446802a44259755d38e6d163e820','c0c7c76d30bd3dcaefc96f40275bdc0a','2025-03-28 00:00:00','','2025-03-28 00:00:00','isabellad','2025-03-28 00:00:00','isabellad'),(2004,'b8b4b727d6f5d1b61fff7be687f7970f','c20ad4d76fe97759aa27a0c99bff6710','c0c7c76d30bd3dcaefc96f40275bdc0a','2025-03-28 00:00:00','','2025-03-28 00:00:00','isabellad','2025-03-28 00:00:00','isabellad'),(2006,'ea5a486c712a91e48443cd802642223d','70efdf2ec9b086079795c442636b55fb','2838023a778dfaecdc212708f721b788','2025-03-24 00:00:00','','2025-03-24 00:00:00','williamg','2025-03-24 00:00:00','williamg'),(2007,'a00e5eb0973d24649a4a920fc53d9564','6f4922f45568161a8cdf4ad2299f6d23','2838023a778dfaecdc212708f721b788','2025-03-26 00:00:00','','2025-03-26 00:00:00','averyp','2025-03-26 00:00:00','averyp'),(2009,'f1981e4bd8a0d6d8462016d2fc6276b3','a1d0c6e83f027327d8461063f4ac58a6','2838023a778dfaecdc212708f721b788','2025-03-28 00:00:00','','2025-03-28 00:00:00','ellaa','2025-03-28 00:00:00','ellaa'),(2010,'d7a84628c025d30f7b2c52c958767e76','642e92efb79421734881b53e1e1b18b6','2838023a778dfaecdc212708f721b788','2025-03-29 00:00:00','','2025-03-29 00:00:00','hannahr','2025-03-29 00:00:00','hannahr'),(2012,'253614bbac999b38b5b60cae531c4969','aab3238922bcc25a6f606eb525ffdc56','2838023a778dfaecdc212708f721b788','2025-03-31 00:00:00','','2025-03-31 00:00:00','charlottem','2025-03-31 00:00:00','charlottem'),(2013,'8038da89e49ac5eabb489cfc6cea9fc1','c20ad4d76fe97759aa27a0c99bff6710','2838023a778dfaecdc212708f721b788','2025-04-02 00:00:00','','2025-04-02 00:00:00','isabellad','2025-04-02 00:00:00','isabellad'),(2014,'cee8d6b7ce52554fd70354e37bbf44a2','f7177163c833dff4b38fc8d2872f1ec6','2838023a778dfaecdc212708f721b788','2025-04-03 00:00:00','','2025-04-03 00:00:00','averyc','2025-04-03 00:00:00','averyc'),(2015,'65d2ea03425887a717c435081cfc5dbb','1f0e3dad99908345f7439f8ffabdffc4','9a1158154dfa42caddbd0694a4e9bdc8','2025-03-26 00:00:00','','2025-03-26 00:00:00','evelyns','2025-03-26 00:00:00','evelyns'),(2017,'8d8818c8e140c64c743113f563cf750f','aab3238922bcc25a6f606eb525ffdc56','9a1158154dfa42caddbd0694a4e9bdc8','2025-03-28 00:00:00','','2025-03-28 00:00:00','miar','2025-03-28 00:00:00','miar'),(2018,'84ddfb34126fc3a48ee38d7044e87276','f7177163c833dff4b38fc8d2872f1ec6','9a1158154dfa42caddbd0694a4e9bdc8','2025-03-30 00:00:00','','2025-03-30 00:00:00','averyc','2025-03-30 00:00:00','averyc'),(2019,'ea6b2efbdd4255a9f1b3bbc6399b58f4','6f4922f45568161a8cdf4ad2299f6d23','9a1158154dfa42caddbd0694a4e9bdc8','2025-03-31 00:00:00','','2025-03-31 00:00:00','averyp','2025-03-31 00:00:00','averyp'),(2021,'05a5cf06982ba7892ed2a6d38fe832d6','182be0c5cdcd5072bb1864cdee4d3d6e','9a1158154dfa42caddbd0694a4e9bdc8','2025-04-03 00:00:00','','2025-04-03 00:00:00','gabriela','2025-04-03 00:00:00','gabriela'),(2023,'5531a5834816222280f20d1ef9e95f69','d67d8ab4f4c10bf22aa353e27879133c','d82c8d1619ad8176d665453cfb2e55f0','2025-03-27 00:00:00','','2025-03-27 00:00:00','masonp','2025-03-27 00:00:00','masonp'),(2024,'07811dc6c422334ce36a09ff5cd6fe71','6c8349cc7260ae62e3b1396831a8398f','d82c8d1619ad8176d665453cfb2e55f0','2025-03-28 00:00:00','','2025-03-28 00:00:00','benjaminf','2025-03-28 00:00:00','benjaminf'),(2025,'312351bff07989769097660a56395065','1f0e3dad99908345f7439f8ffabdffc4','d82c8d1619ad8176d665453cfb2e55f0','2025-03-29 00:00:00','','2025-03-29 00:00:00','abigailr','2025-03-29 00:00:00','abigailr'),(2026,'c92a10324374fac681719d63979d00fe','3c59dc048e8850243be8079a5c74d079','d82c8d1619ad8176d665453cfb2e55f0','2025-03-29 00:00:00','','2025-03-29 00:00:00','abigailr','2025-03-29 00:00:00','abigailr'),(2027,'9f62b8625f914a002496335037e9ad97','eccbc87e4b5ce2fe28308fd9f2a7baf3','d82c8d1619ad8176d665453cfb2e55f0','2025-03-30 00:00:00','','2025-03-30 00:00:00','viky','2025-03-30 00:00:00','viky'),(2028,'d860edd1dd83b36f02ce52bde626c653','1679091c5a880faf6fb5e6087eb1b2dc','d82c8d1619ad8176d665453cfb2e55f0','2025-04-01 00:00:00','','2025-04-01 00:00:00','jamesd','2025-04-01 00:00:00','jamesd'),(2030,'2d579dc29360d8bbfbb4aa541de5afa9','642e92efb79421734881b53e1e1b18b6','a684eceee76fc522773286a895bc8436','2025-03-28 00:00:00','','2025-03-28 00:00:00','hannahr','2025-03-28 00:00:00','hannahr'),(2032,'5352696a9ca3397beb79f116f3a33991','6364d3f0f495b6ab9dcf8d3b5c6e0b01','a684eceee76fc522773286a895bc8436','2025-03-30 00:00:00','','2025-03-30 00:00:00','addisonw','2025-03-30 00:00:00','addisonw'),(2033,'a5a61717dddc3501cfdf7a4e22d7dbaa','6c8349cc7260ae62e3b1396831a8398f','a684eceee76fc522773286a895bc8436','2025-03-31 00:00:00','','2025-03-31 00:00:00','benjaminf','2025-03-31 00:00:00','benjaminf'),(2034,'d198bd736a97e7cecfdf8f4f2027ef80','34173cb38f07f89ddbebc2ac9128303f','a684eceee76fc522773286a895bc8436','2025-04-01 00:00:00','','2025-04-01 00:00:00','addisonw','2025-04-01 00:00:00','addisonw'),(2035,'2b0f658cbffd284984fb11d90254081f','c16a5320fa475530d9583c34fd356ef5','a684eceee76fc522773286a895bc8436','2025-04-02 00:00:00','','2025-04-02 00:00:00','henryh','2025-04-02 00:00:00','henryh'),(2036,'f48c04ffab49ff0e5d1176244fdfb65c','a1d0c6e83f027327d8461063f4ac58a6','a684eceee76fc522773286a895bc8436','2025-04-03 00:00:00','','2025-04-03 00:00:00','ellaa','2025-04-03 00:00:00','ellaa'),(2037,'23d2e1578544b172cca332ff74bddf5f','d67d8ab4f4c10bf22aa353e27879133c','a684eceee76fc522773286a895bc8436','2025-04-04 00:00:00','','2025-04-04 00:00:00','masonp','2025-04-04 00:00:00','masonp'),(2038,'2557911c1bf75c2b643afb4ecbfc8ec2','a5771bce93e200c36f7cd9dfd0e5deaa','b53b3a3d6ab90ce0268229151c9bde11','2025-03-28 00:00:00','','2025-03-28 00:00:00','harpert','2025-03-28 00:00:00','harpert'),(2039,'a48564053b3c7b54800246348c7fa4a0','34173cb38f07f89ddbebc2ac9128303f','b53b3a3d6ab90ce0268229151c9bde11','2025-03-30 00:00:00','','2025-03-30 00:00:00','lilyb','2025-03-30 00:00:00','lilyb'),(2040,'4c144c47ecba6f8318128703ca9e2601','d67d8ab4f4c10bf22aa353e27879133c','b53b3a3d6ab90ce0268229151c9bde11','2025-03-31 00:00:00','','2025-03-31 00:00:00','masonp','2025-03-31 00:00:00','masonp'),(2041,'89885ff2c83a10305ee08bd507c1049c','17e62166fc8586dfa4d1bc0e1742c08b','b53b3a3d6ab90ce0268229151c9bde11','2025-04-02 00:00:00','','2025-04-02 00:00:00','evanr','2025-04-02 00:00:00','evanr'),(2042,'71e09b16e21f7b6919bbfc43f6a5b2f0','c20ad4d76fe97759aa27a0c99bff6710','b53b3a3d6ab90ce0268229151c9bde11','2025-04-03 00:00:00','','2025-04-03 00:00:00','isabellad','2025-04-03 00:00:00','isabellad'),(2043,'d79c6256b9bdac53a55801a066b70da3','6364d3f0f495b6ab9dcf8d3b5c6e0b01','b53b3a3d6ab90ce0268229151c9bde11','2025-04-04 00:00:00','','2025-04-04 00:00:00','natalieh','2025-04-04 00:00:00','natalieh'),(2045,'0189caa552598b845b29b17a427692d1','3c59dc048e8850243be8079a5c74d079','b53b3a3d6ab90ce0268229151c9bde11','2025-04-05 00:00:00','','2025-04-05 00:00:00','abigailr','2025-04-05 00:00:00','abigailr'),(2046,'3875115bacc48cca24ac51ee4b0e7975','c20ad4d76fe97759aa27a0c99bff6710','9f61408e3afb633e50cdf1b20de6f466','2025-03-29 00:00:00','','2025-03-29 00:00:00','isabellad','2025-03-29 00:00:00','isabellad'),(2047,'a501bebf79d570651ff601788ea9d16d','6364d3f0f495b6ab9dcf8d3b5c6e0b01','9f61408e3afb633e50cdf1b20de6f466','2025-03-30 00:00:00','','2025-03-30 00:00:00','addisonw','2025-03-30 00:00:00','addisonw'),(2049,'06b1338ba02add2b5d2da67663b19ebe','1ff1de774005f8da13f42943881c655f','9f61408e3afb633e50cdf1b20de6f466','2025-04-02 00:00:00','','2025-04-02 00:00:00','elijahs','2025-04-02 00:00:00','elijahs'),(2050,'aebf7782a3d445f43cf30ee2c0d84dee','c51ce410c124a10e0db5e4b97fc2af39','9f61408e3afb633e50cdf1b20de6f466','2025-04-03 00:00:00','','2025-04-03 00:00:00','liamg','2025-04-03 00:00:00','liamg'),(2051,'a9813e9550fee3110373c21fa012eee7','f7177163c833dff4b38fc8d2872f1ec6','9f61408e3afb633e50cdf1b20de6f466','2025-04-04 00:00:00','','2025-04-04 00:00:00','averyc','2025-04-04 00:00:00','averyc'),(2052,'584b98aac2dddf59ee2cf19ca4ccb75e','b6d767d2f8ed5d21a44b0e5886680cb9','9f61408e3afb633e50cdf1b20de6f466','2025-04-05 00:00:00','','2025-04-05 00:00:00','jacksone','2025-04-05 00:00:00','jacksone'),(2053,'f3e52c300b822a8123e7ace55fe15c08','37693cfc748049e45d87b8c7d8b9aacd','9f61408e3afb633e50cdf1b20de6f466','2025-04-08 00:00:00','','2025-04-08 00:00:00','chloem','2025-04-08 00:00:00','chloem'),(2054,'955cb567b6e38f4c6b3f28cc857fc38c','d645920e395fedad7bbbed0eca3fe2e0','9f61408e3afb633e50cdf1b20de6f466','2025-04-09 00:00:00','','2025-04-09 00:00:00','ariar','2025-04-09 00:00:00','ariar'),(2055,'9afefc52942cb83c7c1f14b2139b09ba','d9d4f495e875a2e075a1a4a6e1b9770f','72b32a1f754ba1c09b3695e0cb6cde7f','2025-03-31 00:00:00','','2025-03-31 00:00:00','scarlettw','2025-03-31 00:00:00','scarlettw'),(2056,'a96d3afec184766bfeca7a9f989fc7e7','aab3238922bcc25a6f606eb525ffdc56','72b32a1f754ba1c09b3695e0cb6cde7f','2025-04-02 00:00:00','','2025-04-02 00:00:00','charlottem','2025-04-02 00:00:00','charlottem'),(2058,'1359aa933b48b754a2f54adb688bfa77','a1d0c6e83f027327d8461063f4ac58a6','72b32a1f754ba1c09b3695e0cb6cde7f','2025-04-03 00:00:00','','2025-04-03 00:00:00','ellaa','2025-04-03 00:00:00','ellaa'),(2059,'2eace51d8f796d04991c831a07059758','17e62166fc8586dfa4d1bc0e1742c08b','72b32a1f754ba1c09b3695e0cb6cde7f','2025-04-04 00:00:00','','2025-04-04 00:00:00','evanr','2025-04-04 00:00:00','evanr'),(2060,'f8c0c968632845cd133308b1a494967f','37693cfc748049e45d87b8c7d8b9aacd','72b32a1f754ba1c09b3695e0cb6cde7f','2025-04-05 00:00:00','','2025-04-05 00:00:00','madisonc','2025-04-05 00:00:00','madisonc'),(2061,'52dbb0686f8bd0c0c757acf716e28ec0','a5771bce93e200c36f7cd9dfd0e5deaa','66f041e16a60928b05a7e228a89c3799','2025-03-31 00:00:00','','2025-03-31 00:00:00','harpert','2025-03-31 00:00:00','harpert'),(2065,'0ae3f79a30234b6c45a6f7d298ba1310','c16a5320fa475530d9583c34fd356ef5','66f041e16a60928b05a7e228a89c3799','2025-04-05 00:00:00','','2025-04-05 00:00:00','henryh','2025-04-05 00:00:00','henryh'),(2066,'6f4920ea25403ec77bee9efce43ea25e','182be0c5cdcd5072bb1864cdee4d3d6e','66f041e16a60928b05a7e228a89c3799','2025-04-06 00:00:00','','2025-04-06 00:00:00','gabriela','2025-04-06 00:00:00','gabriela'),(2069,'325995af77a0e8b06d1204a171010b3a','17e62166fc8586dfa4d1bc0e1742c08b','093f65e080a295f8076b1c5722a46aa2','2025-04-03 00:00:00','','2025-04-03 00:00:00','evanr','2025-04-03 00:00:00','evanr'),(2071,'fb2e203234df6dee15934e448ee88971','6512bd43d9caa6e02c990b0a82652dca','093f65e080a295f8076b1c5722a46aa2','2025-04-05 00:00:00','','2025-04-05 00:00:00','ethanm','2025-04-05 00:00:00','ethanm'),(2072,'07cb5f86508f146774a2fac4373a8e50','a5bfc9e07964f8dddeb95fc584cd965d','093f65e080a295f8076b1c5722a46aa2','2025-04-08 00:00:00','','2025-04-08 00:00:00','masonp','2025-04-08 00:00:00','masonp'),(2073,'4b86abe48d358ecf194c56c69108433e','d67d8ab4f4c10bf22aa353e27879133c','093f65e080a295f8076b1c5722a46aa2','2025-04-08 00:00:00','','2025-04-08 00:00:00','masonp','2025-04-08 00:00:00','masonp'),(2075,'cbef46321026d8404bc3216d4774c8a9','eccbc87e4b5ce2fe28308fd9f2a7baf3','093f65e080a295f8076b1c5722a46aa2','2025-04-10 00:00:00','','2025-04-10 00:00:00','viky','2025-04-10 00:00:00','viky'),(2076,'6492d38d732122c58b44e3fdc3e9e9f3','98f13708210194c475687be6106a3b84','093f65e080a295f8076b1c5722a46aa2','2025-04-11 00:00:00','','2025-04-11 00:00:00','logant','2025-04-11 00:00:00','logant'),(2077,'819e3d6c1381eac87c17617e5165f38c','1ff1de774005f8da13f42943881c655f','072b030ba126b2f4b2374f342be9ed44','2025-04-02 00:00:00','','2025-04-02 00:00:00','elijahs','2025-04-02 00:00:00','elijahs'),(2079,'654ad60ebd1ae29cedc37da04b6b0672','19ca14e7ea6328a42e0eb13d585e4c22','072b030ba126b2f4b2374f342be9ed44','2025-04-05 00:00:00','','2025-04-05 00:00:00','sofiam','2025-04-05 00:00:00','sofiam'),(2080,'54ff9e9e3a2ec0300d4ce11261f5169f','1679091c5a880faf6fb5e6087eb1b2dc','072b030ba126b2f4b2374f342be9ed44','2025-04-06 00:00:00','','2025-04-06 00:00:00','jamesd','2025-04-06 00:00:00','jamesd'),(2082,'850af92f8d9903e7a4e0559a98ecc857','a5771bce93e200c36f7cd9dfd0e5deaa','072b030ba126b2f4b2374f342be9ed44','2025-04-10 00:00:00','','2025-04-10 00:00:00','harpert','2025-04-10 00:00:00','harpert'),(2083,'3e9e39fed3b8369ed940f52cf300cf88','34173cb38f07f89ddbebc2ac9128303f','072b030ba126b2f4b2374f342be9ed44','2025-04-12 00:00:00','','2025-04-12 00:00:00','addisonw','2025-04-12 00:00:00','addisonw'),(2084,'a088ea2078cd92b0b8a0e78a32c5c082','d3d9446802a44259755d38e6d163e820','072b030ba126b2f4b2374f342be9ed44','2025-04-14 00:00:00','','2025-04-14 00:00:00','avat','2025-04-14 00:00:00','avat'),(2085,'e0a209539d1e74ab9fe46b9e01a19a97','1c383cd30b7c298ab50293adfecb7b18','072b030ba126b2f4b2374f342be9ed44','2025-04-15 00:00:00','','2025-04-15 00:00:00','carterb','2025-04-15 00:00:00','carterb'),(2086,'f80ff32e08a25270b5f252ce39522f72','6c8349cc7260ae62e3b1396831a8398f','7f39f8317fbdb1988ef4c628eba02591','2025-04-03 00:00:00','','2025-04-03 00:00:00','benjaminf','2025-04-03 00:00:00','benjaminf'),(2087,'4d6b3e38b952600251ee92fe603170ff','6512bd43d9caa6e02c990b0a82652dca','7f39f8317fbdb1988ef4c628eba02591','2025-04-04 00:00:00','','2025-04-04 00:00:00','ethanm','2025-04-04 00:00:00','ethanm'),(2089,'bf424cb7b0dea050a42b9739eb261a3a','c9f0f895fb98ab9159f51fd0297e236d','7f39f8317fbdb1988ef4c628eba02591','2025-04-08 00:00:00','','2025-04-08 00:00:00','oliviaw','2025-04-08 00:00:00','oliviaw'),(2090,'26f5bd4aa64fdadf96152ca6e6408068','182be0c5cdcd5072bb1864cdee4d3d6e','7f39f8317fbdb1988ef4c628eba02591','2025-04-09 00:00:00','','2025-04-09 00:00:00','gabriela','2025-04-09 00:00:00','gabriela'),(2091,'0b1ec366924b26fc98fa7b71a9c249cf','eccbc87e4b5ce2fe28308fd9f2a7baf3','1679091c5a880faf6fb5e6087eb1b2dc','2025-02-07 00:00:00','','2025-02-07 00:00:00','viky','2025-02-07 00:00:00','viky'),(2092,'801272ee79cfde7fa5960571fee36b9b','642e92efb79421734881b53e1e1b18b6','1679091c5a880faf6fb5e6087eb1b2dc','2025-02-09 00:00:00','','2025-02-09 00:00:00','hannahr','2025-02-09 00:00:00','hannahr'),(2093,'b2ab001909a8a6f04b51920306046ce5','02e74f10e0327ad868d138f2b4fdd6f0','1679091c5a880faf6fb5e6087eb1b2dc','2025-02-10 00:00:00','','2025-02-10 00:00:00','danielc','2025-02-10 00:00:00','danielc'),(2094,'cf2226ddd41b1a2d0ae51dab54d32c36','b6d767d2f8ed5d21a44b0e5886680cb9','1679091c5a880faf6fb5e6087eb1b2dc','2025-02-11 00:00:00','','2025-02-11 00:00:00','jacksone','2025-02-11 00:00:00','jacksone'),(2095,'2cd4e8a2ce081c3d7c32c3cde4312ef7','d9d4f495e875a2e075a1a4a6e1b9770f','1679091c5a880faf6fb5e6087eb1b2dc','2025-02-12 00:00:00','','2025-02-12 00:00:00','scarlettw','2025-02-12 00:00:00','scarlettw'),(2096,'194cf6c2de8e00c05fcf16c498adc7bf','d645920e395fedad7bbbed0eca3fe2e0','1679091c5a880faf6fb5e6087eb1b2dc','2025-02-13 00:00:00','','2025-02-13 00:00:00','ariar','2025-02-13 00:00:00','ariar'),(2098,'a1d7311f2a312426d710e1c617fcbc8c','182be0c5cdcd5072bb1864cdee4d3d6e','8f14e45fceea167a5a36dedd4bea2543','2025-02-10 00:00:00','','2025-02-10 00:00:00','gabriela','2025-02-10 00:00:00','gabriela'),(2099,'978d76676f5e7918f81d28e7d092ca0d','1679091c5a880faf6fb5e6087eb1b2dc','8f14e45fceea167a5a36dedd4bea2543','2025-02-11 00:00:00','','2025-02-11 00:00:00','jamesd','2025-02-11 00:00:00','jamesd'),(2100,'2cad8fa47bbef282badbb8de5374b894','1ff1de774005f8da13f42943881c655f','8f14e45fceea167a5a36dedd4bea2543','2025-02-13 00:00:00','','2025-02-13 00:00:00','mateon','2025-02-13 00:00:00','mateon'),(2103,'7b1ce3d73b70f1a7246e7b76a35fb552','b6d767d2f8ed5d21a44b0e5886680cb9','c9f0f895fb98ab9159f51fd0297e236d','2025-02-10 00:00:00','','2025-02-10 00:00:00','jacksone','2025-02-10 00:00:00','jacksone'),(2104,'e7e23670481ac78b3c4122a99ba60573','c16a5320fa475530d9583c34fd356ef5','c9f0f895fb98ab9159f51fd0297e236d','2025-02-11 00:00:00','','2025-02-11 00:00:00','henryh','2025-02-11 00:00:00','henryh'),(2105,'24f0d2c90473b2bc949ad962e61d9bcb','e4da3b7fbbce2345d7772b0674a318d5','c9f0f895fb98ab9159f51fd0297e236d','2025-02-13 00:00:00','','2025-02-13 00:00:00','sophiab','2025-02-13 00:00:00','sophiab'),(2106,'c6335734dbc0b1ded766421cfc611750','6364d3f0f495b6ab9dcf8d3b5c6e0b01','c9f0f895fb98ab9159f51fd0297e236d','2025-02-15 00:00:00','','2025-02-15 00:00:00','addisonw','2025-02-15 00:00:00','addisonw'),(2107,'9185f3ec501c674c7c788464a36e7fb3','f457c545a9ded88f18ecee47145a72c0','c9f0f895fb98ab9159f51fd0297e236d','2025-02-17 00:00:00','','2025-02-17 00:00:00','nicholasb','2025-02-17 00:00:00','nicholasb'),(2108,'931af583573227f0220bc568c65ce104','a5771bce93e200c36f7cd9dfd0e5deaa','c9f0f895fb98ab9159f51fd0297e236d','2025-02-18 00:00:00','','2025-02-18 00:00:00','harpert','2025-02-18 00:00:00','harpert'),(2110,'c3535febaff29fcb7c0d20cbe94391c7','67c6a1e7ce56d3d6fa748ab6d9af3fd7','45c48cce2e2d7fbdea1afc51c7c6ad26','2025-02-19 00:00:00','','2025-02-19 00:00:00','lincolnk','2025-02-19 00:00:00','lincolnk'),(2111,'1a0a283bfe7c549dee6c638a05200e32','c16a5320fa475530d9583c34fd356ef5','45c48cce2e2d7fbdea1afc51c7c6ad26','2025-02-21 00:00:00','','2025-02-21 00:00:00','henryh','2025-02-21 00:00:00','henryh'),(2112,'a29d1598024f9e87beab4b98411d48ce','d3d9446802a44259755d38e6d163e820','d3d9446802a44259755d38e6d163e820','2025-02-11 00:00:00','','2025-02-11 00:00:00','avat','2025-02-11 00:00:00','avat'),(2113,'01931a6925d3de09e5f87419d9d55055','6f4922f45568161a8cdf4ad2299f6d23','d3d9446802a44259755d38e6d163e820','2025-02-14 00:00:00','','2025-02-14 00:00:00','logant','2025-02-14 00:00:00','logant'),(2114,'51174add1c52758f33d414ceaf3fe6ba','98f13708210194c475687be6106a3b84','d3d9446802a44259755d38e6d163e820','2025-02-14 00:00:00','','2025-02-14 00:00:00','logant','2025-02-14 00:00:00','logant'),(2115,'bdc4626aa1d1df8e14d80d345b2a442d','6364d3f0f495b6ab9dcf8d3b5c6e0b01','d3d9446802a44259755d38e6d163e820','2025-02-16 00:00:00','','2025-02-16 00:00:00','addisonw','2025-02-16 00:00:00','addisonw'),(2116,'4ba3c163cd1efd4c14e3a415fa0a3010','c16a5320fa475530d9583c34fd356ef5','d3d9446802a44259755d38e6d163e820','2025-02-17 00:00:00','','2025-02-17 00:00:00','henryh','2025-02-17 00:00:00','henryh'),(2117,'3937230de3c8041e4da6ac3246a888e8','19ca14e7ea6328a42e0eb13d585e4c22','6512bd43d9caa6e02c990b0a82652dca','2025-02-12 00:00:00','','2025-02-12 00:00:00','sofiam','2025-02-12 00:00:00','sofiam'),(2118,'92bbd31f8e0e43a7da8a6295b251725f','aab3238922bcc25a6f606eb525ffdc56','6512bd43d9caa6e02c990b0a82652dca','2025-02-16 00:00:00','','2025-02-16 00:00:00','miar','2025-02-16 00:00:00','miar'),(2119,'1b5230e3ea6d7123847ad55a1e06fffd','98f13708210194c475687be6106a3b84','6512bd43d9caa6e02c990b0a82652dca','2025-02-17 00:00:00','','2025-02-17 00:00:00','jacksone','2025-02-17 00:00:00','jacksone'),(2120,'44cd7a8f7f9f85129b9953950665064d','b6d767d2f8ed5d21a44b0e5886680cb9','6512bd43d9caa6e02c990b0a82652dca','2025-02-17 00:00:00','','2025-02-17 00:00:00','jacksone','2025-02-17 00:00:00','jacksone'),(2121,'02b1be0d48924c327124732726097157','02e74f10e0327ad868d138f2b4fdd6f0','6512bd43d9caa6e02c990b0a82652dca','2025-02-20 00:00:00','','2025-02-20 00:00:00','harpere','2025-02-20 00:00:00','harpere'),(2122,'abdbeb4d8dbe30df8430a8394b7218ef','d9d4f495e875a2e075a1a4a6e1b9770f','c20ad4d76fe97759aa27a0c99bff6710','2025-02-14 00:00:00','','2025-02-14 00:00:00','scarlettw','2025-02-14 00:00:00','scarlettw'),(2123,'5a1e3a5aede16d438c38862cac1a78db','67c6a1e7ce56d3d6fa748ab6d9af3fd7','c20ad4d76fe97759aa27a0c99bff6710','2025-02-15 00:00:00','','2025-02-15 00:00:00','lincolnk','2025-02-15 00:00:00','lincolnk'),(2125,'a012869311d64a44b5a0d567cd20de04','1f0e3dad99908345f7439f8ffabdffc4','c20ad4d76fe97759aa27a0c99bff6710','2025-02-21 00:00:00','','2025-02-21 00:00:00','evelyns','2025-02-21 00:00:00','evelyns'),(2127,'5227b6aaf294f5f027273aebf16015f2','c51ce410c124a10e0db5e4b97fc2af39','c20ad4d76fe97759aa27a0c99bff6710','2025-02-23 00:00:00','','2025-02-23 00:00:00','liamg','2025-02-23 00:00:00','liamg'),(2128,'bd5af7cd922fd2603be4ee3dc43b0b77','1ff1de774005f8da13f42943881c655f','c51ce410c124a10e0db5e4b97fc2af39','2025-02-19 00:00:00','','2025-02-19 00:00:00','elijahs','2025-02-19 00:00:00','elijahs'),(2129,'cd4bb35c75ba84b4f39e547b1416fd35','a5bfc9e07964f8dddeb95fc584cd965d','c51ce410c124a10e0db5e4b97fc2af39','2025-02-23 00:00:00','','2025-02-23 00:00:00','jackw','2025-02-23 00:00:00','jackw'),(2130,'f15d337c70078947cfe1b5d6f0ed3f13','02e74f10e0327ad868d138f2b4fdd6f0','c51ce410c124a10e0db5e4b97fc2af39','2025-02-24 00:00:00','','2025-02-24 00:00:00','harpere','2025-02-24 00:00:00','harpere'),(2131,'a869ccbcbd9568808b8497e28275c7c8','37693cfc748049e45d87b8c7d8b9aacd','c51ce410c124a10e0db5e4b97fc2af39','2025-02-25 00:00:00','','2025-02-25 00:00:00','madisonc','2025-02-25 00:00:00','madisonc'),(2133,'c902b497eb972281fb5b4e206db38ee6','6c8349cc7260ae62e3b1396831a8398f','aab3238922bcc25a6f606eb525ffdc56','2025-02-15 00:00:00','','2025-02-15 00:00:00','benjaminf','2025-02-15 00:00:00','benjaminf'),(2134,'fca0789e7891cbc0583298a238316122','182be0c5cdcd5072bb1864cdee4d3d6e','aab3238922bcc25a6f606eb525ffdc56','2025-02-16 00:00:00','','2025-02-16 00:00:00','gabriela','2025-02-16 00:00:00','gabriela'),(2135,'9a49a25d845a483fae4be7e341368e36','a5bfc9e07964f8dddeb95fc584cd965d','aab3238922bcc25a6f606eb525ffdc56','2025-02-18 00:00:00','','2025-02-18 00:00:00','masonp','2025-02-18 00:00:00','masonp'),(2136,'4e62e752ae53fb6a6eebd0f6146aa702','d67d8ab4f4c10bf22aa353e27879133c','aab3238922bcc25a6f606eb525ffdc56','2025-02-18 00:00:00','','2025-02-18 00:00:00','masonp','2025-02-18 00:00:00','masonp'),(2137,'9bb6dee73b8b0ca97466ccb24fff3139','e4da3b7fbbce2345d7772b0674a318d5','aab3238922bcc25a6f606eb525ffdc56','2025-02-20 00:00:00','','2025-02-20 00:00:00','sophiab','2025-02-20 00:00:00','sophiab'),(2138,'1943102704f8f8f3302c2b730728e023','3c59dc048e8850243be8079a5c74d079','aab3238922bcc25a6f606eb525ffdc56','2025-02-21 00:00:00','','2025-02-21 00:00:00','abigailr','2025-02-21 00:00:00','abigailr'),(2141,'5d6646aad9bcc0be55b2c82f69750387','6512bd43d9caa6e02c990b0a82652dca','9bf31c7ff062936a96d3c8bd1f8f2ff3','2025-02-18 00:00:00','','2025-02-18 00:00:00','ethanm','2025-02-18 00:00:00','ethanm'),(2142,'2a34abd6ebbd7fcf5a4421229c946c0a','67c6a1e7ce56d3d6fa748ab6d9af3fd7','9bf31c7ff062936a96d3c8bd1f8f2ff3','2025-02-19 00:00:00','','2025-02-19 00:00:00','lincolnk','2025-02-19 00:00:00','lincolnk'),(2143,'9f44e956e3a2b7b5598c625fcc802c36','1c383cd30b7c298ab50293adfecb7b18','9bf31c7ff062936a96d3c8bd1f8f2ff3','2025-02-20 00:00:00','','2025-02-20 00:00:00','carterb','2025-02-20 00:00:00','carterb'),(2144,'7dc1c7653ac42a05642a667959c12239','eccbc87e4b5ce2fe28308fd9f2a7baf3','9bf31c7ff062936a96d3c8bd1f8f2ff3','2025-02-24 00:00:00','','2025-02-24 00:00:00','viky','2025-02-24 00:00:00','viky'),(2145,'c182f930a06317057d31c73bb2fedd4f','6512bd43d9caa6e02c990b0a82652dca','17e62166fc8586dfa4d1bc0e1742c08b','2025-03-16 00:00:00','','2025-03-16 00:00:00','ethanm','2025-03-16 00:00:00','ethanm'),(2146,'936a40b7e8eea0dc537e5f2edee1387a','f457c545a9ded88f18ecee47145a72c0','17e62166fc8586dfa4d1bc0e1742c08b','2025-03-19 00:00:00','','2025-03-19 00:00:00','nicholasb','2025-03-19 00:00:00','nicholasb'),(2147,'0d73a25092e5c1c9769a9f3255caa65a','1679091c5a880faf6fb5e6087eb1b2dc','17e62166fc8586dfa4d1bc0e1742c08b','2025-03-21 00:00:00','','2025-03-21 00:00:00','jamesd','2025-03-21 00:00:00','jamesd'),(2150,'24917db15c4e37e421866448c9ab23d8','17e62166fc8586dfa4d1bc0e1742c08b','17e62166fc8586dfa4d1bc0e1742c08b','2025-03-23 00:00:00','','2025-03-23 00:00:00','evanr','2025-03-23 00:00:00','evanr'),(2151,'350db081a661525235354dd3e19b8c05','6c8349cc7260ae62e3b1396831a8398f','f7177163c833dff4b38fc8d2872f1ec6','2025-03-17 00:00:00','','2025-03-17 00:00:00','benjaminf','2025-03-17 00:00:00','benjaminf'),(2152,'a486cd07e4ac3d270571622f4f316ec5','17e62166fc8586dfa4d1bc0e1742c08b','f7177163c833dff4b38fc8d2872f1ec6','2025-03-18 00:00:00','','2025-03-18 00:00:00','evanr','2025-03-18 00:00:00','evanr'),(2153,'cb8da6767461f2812ae4290eac7cbc42','d9d4f495e875a2e075a1a4a6e1b9770f','f7177163c833dff4b38fc8d2872f1ec6','2025-03-20 00:00:00','','2025-03-20 00:00:00','scarlettw','2025-03-20 00:00:00','scarlettw'),(2154,'1e8c391abfde9abea82d75a2d60278d4','c20ad4d76fe97759aa27a0c99bff6710','f7177163c833dff4b38fc8d2872f1ec6','2025-03-21 00:00:00','','2025-03-21 00:00:00','isabellad','2025-03-21 00:00:00','isabellad'),(2155,'a381c2c35c9157f6b67fd07d5a200ae1','6364d3f0f495b6ab9dcf8d3b5c6e0b01','f7177163c833dff4b38fc8d2872f1ec6','2025-03-22 00:00:00','','2025-03-22 00:00:00','addisonw','2025-03-22 00:00:00','addisonw'),(2156,'ee26fc66b1369c7625333bedafbfcaf6','9bf31c7ff062936a96d3c8bd1f8f2ff3','f7177163c833dff4b38fc8d2872f1ec6','2025-03-25 00:00:00','','2025-03-25 00:00:00','noahh','2025-03-25 00:00:00','noahh'),(2157,'d542599794c1cf067d90638b5d3911f3','c16a5320fa475530d9583c34fd356ef5','f7177163c833dff4b38fc8d2872f1ec6','2025-03-28 00:00:00','','2025-03-28 00:00:00','henryh','2025-03-28 00:00:00','henryh'),(2158,'697e382cfd25b07a3e62275d3ee132b3','67c6a1e7ce56d3d6fa748ab6d9af3fd7','6c8349cc7260ae62e3b1396831a8398f','2025-03-18 00:00:00','','2025-03-18 00:00:00','lincolnk','2025-03-18 00:00:00','lincolnk'),(2159,'ddd9dda6bfaf0bb1525a8a27c3ee6131','8e296a067a37563370ded05f5a3bf3ec','6c8349cc7260ae62e3b1396831a8398f','2025-03-19 00:00:00','','2025-03-19 00:00:00','chloem','2025-03-19 00:00:00','chloem'),(2160,'1819932ff5cf474f4f19e7c7024640c2','70efdf2ec9b086079795c442636b55fb','6c8349cc7260ae62e3b1396831a8398f','2025-03-20 00:00:00','','2025-03-20 00:00:00','williamg','2025-03-20 00:00:00','williamg'),(2161,'333ac5d90817d69113471fbb6e531bee','a5771bce93e200c36f7cd9dfd0e5deaa','6c8349cc7260ae62e3b1396831a8398f','2025-03-21 00:00:00','','2025-03-21 00:00:00','ariar','2025-03-21 00:00:00','ariar'),(2163,'6e5025ccc7d638ae4e724da8938450a6','1c383cd30b7c298ab50293adfecb7b18','d9d4f495e875a2e075a1a4a6e1b9770f','2025-03-19 00:00:00','','2025-03-19 00:00:00','carterb','2025-03-19 00:00:00','carterb'),(2165,'8929c70f8d710e412d38da624b21c3c8','d3d9446802a44259755d38e6d163e820','d9d4f495e875a2e075a1a4a6e1b9770f','2025-03-22 00:00:00','','2025-03-22 00:00:00','avat','2025-03-22 00:00:00','avat'),(2166,'32e05616c8ed659463f9af00b142dd6f','98f13708210194c475687be6106a3b84','d9d4f495e875a2e075a1a4a6e1b9770f','2025-03-23 00:00:00','','2025-03-23 00:00:00','logant','2025-03-23 00:00:00','logant'),(2167,'2596a54cdbb555cfd09cd5d991da0f55','33e75ff09dd601bbe69f351039152189','d9d4f495e875a2e075a1a4a6e1b9770f','2025-03-27 00:00:00','','2025-03-27 00:00:00','evelyng','2025-03-27 00:00:00','evelyng'),(2168,'41e7637e7b6a9f27a98b84d3a185c7c0','aab3238922bcc25a6f606eb525ffdc56','67c6a1e7ce56d3d6fa748ab6d9af3fd7','2025-03-20 00:00:00','','2025-03-20 00:00:00','miar','2025-03-20 00:00:00','miar'),(2169,'bd0cc810b580b35884bd9df37c0e8b0f','182be0c5cdcd5072bb1864cdee4d3d6e','67c6a1e7ce56d3d6fa748ab6d9af3fd7','2025-03-23 00:00:00','','2025-03-23 00:00:00','gabriela','2025-03-23 00:00:00','gabriela'),(2171,'f8e59f4b2fe7c5705bf878bbd494ccdf','8f14e45fceea167a5a36dedd4bea2543','67c6a1e7ce56d3d6fa748ab6d9af3fd7','2025-03-26 00:00:00','','2025-03-26 00:00:00','emmaj','2025-03-26 00:00:00','emmaj'),(2172,'9978b7063e297d84bb2ac8e46c1c845f','d67d8ab4f4c10bf22aa353e27879133c','67c6a1e7ce56d3d6fa748ab6d9af3fd7','2025-03-27 00:00:00','','2025-03-27 00:00:00','lucasg','2025-03-27 00:00:00','lucasg'),(2176,'0234c510bc6d908b28c70ff313743079','6512bd43d9caa6e02c990b0a82652dca','642e92efb79421734881b53e1e1b18b6','2025-03-23 00:00:00','','2025-03-23 00:00:00','ethanm','2025-03-23 00:00:00','ethanm'),(2177,'bb1662b7c5f22a0f905fd59e718ca05e','c20ad4d76fe97759aa27a0c99bff6710','642e92efb79421734881b53e1e1b18b6','2025-03-24 00:00:00','','2025-03-24 00:00:00','isabellad','2025-03-24 00:00:00','isabellad'),(2178,'169779d3852b32ce8b1a1724dbf5217d','d9d4f495e875a2e075a1a4a6e1b9770f','642e92efb79421734881b53e1e1b18b6','2025-03-26 00:00:00','','2025-03-26 00:00:00','scarlettw','2025-03-26 00:00:00','scarlettw'),(2180,'3a1dd98341fafc1dfe9bcf36360e6b84','c51ce410c124a10e0db5e4b97fc2af39','642e92efb79421734881b53e1e1b18b6','2025-03-31 00:00:00','','2025-03-31 00:00:00','liamg','2025-03-31 00:00:00','liamg'),(2181,'100d9f30ca54b18d14821dc88fea0631','f7177163c833dff4b38fc8d2872f1ec6','f457c545a9ded88f18ecee47145a72c0','2025-03-23 00:00:00','','2025-03-23 00:00:00','averyc','2025-03-23 00:00:00','averyc'),(2183,'2056d8c1dec3d12cbce646b348d189d1','02e74f10e0327ad868d138f2b4fdd6f0','f457c545a9ded88f18ecee47145a72c0','2025-03-25 00:00:00','','2025-03-25 00:00:00','danielc','2025-03-25 00:00:00','danielc'),(2184,'00a03ec6533ca7f5c644d198d815329c','1679091c5a880faf6fb5e6087eb1b2dc','f457c545a9ded88f18ecee47145a72c0','2025-03-27 00:00:00','','2025-03-27 00:00:00','jamesd','2025-03-27 00:00:00','jamesd'),(2185,'f12ee9734e1edf70ed02d9829018b3d9','1f0e3dad99908345f7439f8ffabdffc4','f457c545a9ded88f18ecee47145a72c0','2025-03-28 00:00:00','','2025-03-28 00:00:00','evelyns','2025-03-28 00:00:00','evelyns'),(2186,'81b3833e2504647f9d794f7d7b9bf341','c0c7c76d30bd3dcaefc96f40275bdc0a','c0c7c76d30bd3dcaefc96f40275bdc0a','2025-03-23 00:00:00','','2025-03-23 00:00:00','lunar','2025-03-23 00:00:00','lunar'),(2187,'e2ad76f2326fbc6b56a45a56c59fafdb','1679091c5a880faf6fb5e6087eb1b2dc','c0c7c76d30bd3dcaefc96f40275bdc0a','2025-03-25 00:00:00','','2025-03-25 00:00:00','jamesd','2025-03-25 00:00:00','jamesd'),(2189,'1c6a0198177bfcc9bd93f6aab94aad3c','d9d4f495e875a2e075a1a4a6e1b9770f','c0c7c76d30bd3dcaefc96f40275bdc0a','2025-03-30 00:00:00','','2025-03-30 00:00:00','scarlettw','2025-03-30 00:00:00','scarlettw'),(2190,'0a87257e5308197df43230edf4ad1dae','6512bd43d9caa6e02c990b0a82652dca','c0c7c76d30bd3dcaefc96f40275bdc0a','2025-03-31 00:00:00','','2025-03-31 00:00:00','ethanm','2025-03-31 00:00:00','ethanm'),(2191,'71560ce98c8250ce57a6a970c9991a5f','c51ce410c124a10e0db5e4b97fc2af39','2838023a778dfaecdc212708f721b788','2025-03-26 00:00:00','','2025-03-26 00:00:00','liamg','2025-03-26 00:00:00','liamg'),(2194,'cdf1e288ca02272e717c9d5e4cb180bd','6c8349cc7260ae62e3b1396831a8398f','2838023a778dfaecdc212708f721b788','2025-03-30 00:00:00','','2025-03-30 00:00:00','benjaminf','2025-03-30 00:00:00','benjaminf'),(2195,'8c5f6ecd29a0eb234459190ca51c16dd','f457c545a9ded88f18ecee47145a72c0','2838023a778dfaecdc212708f721b788','2025-03-31 00:00:00','','2025-03-31 00:00:00','jacobc','2025-03-31 00:00:00','jacobc'),(2196,'25db67c5657914454081c6a18e93d6dd','19ca14e7ea6328a42e0eb13d585e4c22','2838023a778dfaecdc212708f721b788','2025-04-02 00:00:00','','2025-04-02 00:00:00','sofiam','2025-04-02 00:00:00','sofiam'),(2197,'ea119a40c1592979f51819b0bd38d39d','98f13708210194c475687be6106a3b84','2838023a778dfaecdc212708f721b788','2025-04-03 00:00:00','','2025-04-03 00:00:00','logant','2025-04-03 00:00:00','logant'),(2198,'6832a7b24bc06775d02b7406880b93fc','67c6a1e7ce56d3d6fa748ab6d9af3fd7','9a1158154dfa42caddbd0694a4e9bdc8','2025-03-26 00:00:00','','2025-03-26 00:00:00','lincolnk','2025-03-26 00:00:00','lincolnk'),(2199,'1145a30ff80745b56fb0cecf65305017','6512bd43d9caa6e02c990b0a82652dca','9a1158154dfa42caddbd0694a4e9bdc8','2025-03-27 00:00:00','','2025-03-27 00:00:00','ethanm','2025-03-27 00:00:00','ethanm'),(2200,'5249ee8e0cff02ad6b4cc0ee0e50b7d1','c16a5320fa475530d9583c34fd356ef5','9a1158154dfa42caddbd0694a4e9bdc8','2025-03-31 00:00:00','','2025-03-31 00:00:00','henryh','2025-03-31 00:00:00','henryh'),(2201,'e45823afe1e5120cec11fc4c379a0c67','d3d9446802a44259755d38e6d163e820','9a1158154dfa42caddbd0694a4e9bdc8','2025-04-01 00:00:00','','2025-04-01 00:00:00','avat','2025-04-01 00:00:00','avat'),(2202,'dd28e50635038e9cf3a648c2dd17ad0a','9bf31c7ff062936a96d3c8bd1f8f2ff3','9a1158154dfa42caddbd0694a4e9bdc8','2025-04-02 00:00:00','','2025-04-02 00:00:00','noahh','2025-04-02 00:00:00','noahh'),(2203,'2d969e2cee8cfa07ce7ca0bb13c7a36d','1c383cd30b7c298ab50293adfecb7b18','9a1158154dfa42caddbd0694a4e9bdc8','2025-04-04 00:00:00','','2025-04-04 00:00:00','jackw','2025-04-04 00:00:00','jackw'),(2204,'4b4edc2630fe75800ddc29a7b4070add','a5bfc9e07964f8dddeb95fc584cd965d','9a1158154dfa42caddbd0694a4e9bdc8','2025-04-04 00:00:00','','2025-04-04 00:00:00','jackw','2025-04-04 00:00:00','jackw'),(2205,'06d5ae105ea1bea4d800bc96491876e9','6364d3f0f495b6ab9dcf8d3b5c6e0b01','9a1158154dfa42caddbd0694a4e9bdc8','2025-04-06 00:00:00','','2025-04-06 00:00:00','addisonw','2025-04-06 00:00:00','addisonw'),(2206,'fea9c11c4ad9a395a636ed944a28b51a','67c6a1e7ce56d3d6fa748ab6d9af3fd7','d82c8d1619ad8176d665453cfb2e55f0','2025-03-26 00:00:00','','2025-03-26 00:00:00','lincolnk','2025-03-26 00:00:00','lincolnk'),(2207,'4aecfbe5d21e3f7912bf8eb29124423a','642e92efb79421734881b53e1e1b18b6','d82c8d1619ad8176d665453cfb2e55f0','2025-03-27 00:00:00','','2025-03-27 00:00:00','hannahr','2025-03-27 00:00:00','hannahr'),(2208,'cd3afef9b8b89558cd56638c3631868a','d645920e395fedad7bbbed0eca3fe2e0','d82c8d1619ad8176d665453cfb2e55f0','2025-03-28 00:00:00','','2025-03-28 00:00:00','ariar','2025-03-28 00:00:00','ariar'),(2210,'1368ba1ab6ed38bb1f26f36673739d54','37693cfc748049e45d87b8c7d8b9aacd','d82c8d1619ad8176d665453cfb2e55f0','2025-03-30 00:00:00','','2025-03-30 00:00:00','madisonc','2025-03-30 00:00:00','madisonc'),(2211,'3323fe11e9595c09af38fe67567a9394','c51ce410c124a10e0db5e4b97fc2af39','d82c8d1619ad8176d665453cfb2e55f0','2025-03-31 00:00:00','','2025-03-31 00:00:00','liamg','2025-03-31 00:00:00','liamg'),(2213,'01894d6f048493d2cacde3c579c315a3','33e75ff09dd601bbe69f351039152189','a684eceee76fc522773286a895bc8436','2025-03-28 00:00:00','','2025-03-28 00:00:00','evelyng','2025-03-28 00:00:00','evelyng'),(2214,'f3d9de86462c28781cbe5c47ef22c3e5','1ff1de774005f8da13f42943881c655f','a684eceee76fc522773286a895bc8436','2025-03-30 00:00:00','','2025-03-30 00:00:00','elijahs','2025-03-30 00:00:00','elijahs'),(2215,'02e656adee09f8394b402d9958389b7d','a5771bce93e200c36f7cd9dfd0e5deaa','a684eceee76fc522773286a895bc8436','2025-04-01 00:00:00','','2025-04-01 00:00:00','ariar','2025-04-01 00:00:00','ariar'),(2216,'5938b4d054136e5d59ada6ec9c295d7a','d645920e395fedad7bbbed0eca3fe2e0','a684eceee76fc522773286a895bc8436','2025-04-01 00:00:00','','2025-04-01 00:00:00','ariar','2025-04-01 00:00:00','ariar'),(2217,'b5c01503041b70d41d80e3dbe31bbd8c','a5bfc9e07964f8dddeb95fc584cd965d','a684eceee76fc522773286a895bc8436','2025-04-04 00:00:00','','2025-04-04 00:00:00','jackw','2025-04-04 00:00:00','jackw'),(2218,'b0df2270be9cb16c14537e5bc2f2d37b','8f14e45fceea167a5a36dedd4bea2543','b53b3a3d6ab90ce0268229151c9bde11','2025-03-29 00:00:00','','2025-03-29 00:00:00','emmaj','2025-03-29 00:00:00','emmaj'),(2219,'13111c20aee51aeb480ecbd988cd8cc9','eccbc87e4b5ce2fe28308fd9f2a7baf3','b53b3a3d6ab90ce0268229151c9bde11','2025-03-30 00:00:00','','2025-03-30 00:00:00','viky','2025-03-30 00:00:00','viky'),(2220,'d2a27e83d429f0dcae6b937cf440aeb1','6512bd43d9caa6e02c990b0a82652dca','b53b3a3d6ab90ce0268229151c9bde11','2025-03-31 00:00:00','','2025-03-31 00:00:00','ethanm','2025-03-31 00:00:00','ethanm'),(2221,'598920e11d1eb2a49501d59fce5ecbb7','6f4922f45568161a8cdf4ad2299f6d23','b53b3a3d6ab90ce0268229151c9bde11','2025-04-01 00:00:00','','2025-04-01 00:00:00','averyp','2025-04-01 00:00:00','averyp'),(2222,'934b535800b1cba8f96a5d72f72f1611','70efdf2ec9b086079795c442636b55fb','b53b3a3d6ab90ce0268229151c9bde11','2025-04-02 00:00:00','','2025-04-02 00:00:00','williamg','2025-04-02 00:00:00','williamg'),(2224,'8ca8da41fe1ebc8d3ca31dc14f5fc56c','b6d767d2f8ed5d21a44b0e5886680cb9','b53b3a3d6ab90ce0268229151c9bde11','2025-04-05 00:00:00','','2025-04-05 00:00:00','jacksone','2025-04-05 00:00:00','jacksone'),(2225,'443dec3062d0286986e21dc0631734c9','aab3238922bcc25a6f606eb525ffdc56','b53b3a3d6ab90ce0268229151c9bde11','2025-04-07 00:00:00','','2025-04-07 00:00:00','miar','2025-04-07 00:00:00','miar'),(2226,'01eee509ee2f68dc6014898c309e86bf','67c6a1e7ce56d3d6fa748ab6d9af3fd7','9f61408e3afb633e50cdf1b20de6f466','2025-03-29 00:00:00','','2025-03-29 00:00:00','lincolnk','2025-03-29 00:00:00','lincolnk'),(2227,'efdf562ce2fb0ad460fd8e9d33e57f57','19ca14e7ea6328a42e0eb13d585e4c22','9f61408e3afb633e50cdf1b20de6f466','2025-03-31 00:00:00','','2025-03-31 00:00:00','sofiam','2025-03-31 00:00:00','sofiam'),(2228,'4ae67a7dd7e491f8fb6f9ea0cf25dfdb','6c8349cc7260ae62e3b1396831a8398f','9f61408e3afb633e50cdf1b20de6f466','2025-04-02 00:00:00','','2025-04-02 00:00:00','benjaminf','2025-04-02 00:00:00','benjaminf'),(2230,'329e6581efbc90bd92a1f22c4ba2103d','aab3238922bcc25a6f606eb525ffdc56','9f61408e3afb633e50cdf1b20de6f466','2025-04-07 00:00:00','','2025-04-07 00:00:00','miar','2025-04-07 00:00:00','miar'),(2231,'2a8a812400df8963b2e2ac0ed01b07b8','d67d8ab4f4c10bf22aa353e27879133c','9f61408e3afb633e50cdf1b20de6f466','2025-04-08 00:00:00','','2025-04-08 00:00:00','lucasg','2025-04-08 00:00:00','lucasg'),(2233,'e0f7a4d0ef9b84b83b693bbf3feb8e6e','eccbc87e4b5ce2fe28308fd9f2a7baf3','9f61408e3afb633e50cdf1b20de6f466','2025-04-09 00:00:00','','2025-04-09 00:00:00','viky','2025-04-09 00:00:00','viky'),(2234,'653ac11ca60b3e021a8c609c7198acfc','33e75ff09dd601bbe69f351039152189','9f61408e3afb633e50cdf1b20de6f466','2025-04-10 00:00:00','','2025-04-10 00:00:00','evelyng','2025-04-10 00:00:00','evelyng'),(2235,'b0b79da57b95837f14be95aaa4d54cf8','c9f0f895fb98ab9159f51fd0297e236d','9f61408e3afb633e50cdf1b20de6f466','2025-04-11 00:00:00','','2025-04-11 00:00:00','oliviaw','2025-04-11 00:00:00','oliviaw'),(2236,'3dd9424294b0292b6e89ea2bba2e1144','f7177163c833dff4b38fc8d2872f1ec6','72b32a1f754ba1c09b3695e0cb6cde7f','2025-03-31 00:00:00','','2025-03-31 00:00:00','averyc','2025-03-31 00:00:00','averyc'),(2237,'b166b57d195370cd41f80dd29ed523d9','c16a5320fa475530d9583c34fd356ef5','72b32a1f754ba1c09b3695e0cb6cde7f','2025-04-01 00:00:00','','2025-04-01 00:00:00','henryh','2025-04-01 00:00:00','henryh'),(2238,'2952351097998ac1240cb2ab7333a3d2','1f0e3dad99908345f7439f8ffabdffc4','72b32a1f754ba1c09b3695e0cb6cde7f','2025-04-02 00:00:00','','2025-04-02 00:00:00','evelyns','2025-04-02 00:00:00','evelyns'),(2239,'487d4c6a324446b3fa45b30cfcee5337','8f14e45fceea167a5a36dedd4bea2543','72b32a1f754ba1c09b3695e0cb6cde7f','2025-04-03 00:00:00','','2025-04-03 00:00:00','emmaj','2025-04-03 00:00:00','emmaj'),(2241,'b6e32320fa6bc5a588b90183b95dc028','f457c545a9ded88f18ecee47145a72c0','72b32a1f754ba1c09b3695e0cb6cde7f','2025-04-05 00:00:00','','2025-04-05 00:00:00','nicholasb','2025-04-05 00:00:00','nicholasb'),(2242,'1a3f91fead97497b1a96d6104ad339f6','e4da3b7fbbce2345d7772b0674a318d5','66f041e16a60928b05a7e228a89c3799','2025-03-31 00:00:00','','2025-03-31 00:00:00','sophiab','2025-03-31 00:00:00','sophiab'),(2243,'90aef91f0d9e7c3be322bd7bae41617d','d3d9446802a44259755d38e6d163e820','66f041e16a60928b05a7e228a89c3799','2025-04-01 00:00:00','','2025-04-01 00:00:00','avat','2025-04-01 00:00:00','avat'),(2244,'3147da8ab4a0437c15ef51a5cc7f2dc4','37693cfc748049e45d87b8c7d8b9aacd','66f041e16a60928b05a7e228a89c3799','2025-04-05 00:00:00','','2025-04-05 00:00:00','chloem','2025-04-05 00:00:00','chloem'),(2245,'10907813b97e249163587e6246612e21','8e296a067a37563370ded05f5a3bf3ec','66f041e16a60928b05a7e228a89c3799','2025-04-05 00:00:00','','2025-04-05 00:00:00','chloem','2025-04-05 00:00:00','chloem'),(2246,'758a06618c69880a6cee5314ee42d52f','6f4922f45568161a8cdf4ad2299f6d23','66f041e16a60928b05a7e228a89c3799','2025-04-06 00:00:00','','2025-04-06 00:00:00','averyp','2025-04-06 00:00:00','averyp'),(2247,'df1f1d20ee86704251795841e6a9405a','f7177163c833dff4b38fc8d2872f1ec6','66f041e16a60928b05a7e228a89c3799','2025-04-08 00:00:00','','2025-04-08 00:00:00','averyc','2025-04-08 00:00:00','averyc'),(2248,'be6c7b094f88532b6c6b35bbcd525ee8','19ca14e7ea6328a42e0eb13d585e4c22','093f65e080a295f8076b1c5722a46aa2','2025-04-02 00:00:00','','2025-04-02 00:00:00','sofiam','2025-04-02 00:00:00','sofiam'),(2249,'243facb29564e7b448834a7c9d901201','e4da3b7fbbce2345d7772b0674a318d5','093f65e080a295f8076b1c5722a46aa2','2025-04-04 00:00:00','','2025-04-04 00:00:00','sophiab','2025-04-04 00:00:00','sophiab'),(2250,'a07c2f3b3b907aaf8436a26c6d77f0a2','9bf31c7ff062936a96d3c8bd1f8f2ff3','093f65e080a295f8076b1c5722a46aa2','2025-04-06 00:00:00','','2025-04-06 00:00:00','noahh','2025-04-06 00:00:00','noahh'),(2251,'d5e2c0adad503c91f91df240d0cd4e49','1ff1de774005f8da13f42943881c655f','093f65e080a295f8076b1c5722a46aa2','2025-04-08 00:00:00','','2025-04-08 00:00:00','mateon','2025-04-08 00:00:00','mateon'),(2253,'ce6c92303f38d297e263c7180f03d402','c0c7c76d30bd3dcaefc96f40275bdc0a','093f65e080a295f8076b1c5722a46aa2','2025-04-11 00:00:00','','2025-04-11 00:00:00','lunar','2025-04-11 00:00:00','lunar'),(2254,'38651c4450f87348fcbe1f992746a954','d67d8ab4f4c10bf22aa353e27879133c','072b030ba126b2f4b2374f342be9ed44','2025-04-03 00:00:00','','2025-04-03 00:00:00','masonp','2025-04-03 00:00:00','masonp'),(2255,'c2ba1bc54b239208cb37b901c0d3b363','b6d767d2f8ed5d21a44b0e5886680cb9','072b030ba126b2f4b2374f342be9ed44','2025-04-04 00:00:00','','2025-04-04 00:00:00','jacksone','2025-04-04 00:00:00','jacksone'),(2256,'f6c79f4af478638c39b206ec30ab166b','6512bd43d9caa6e02c990b0a82652dca','072b030ba126b2f4b2374f342be9ed44','2025-04-09 00:00:00','','2025-04-09 00:00:00','ethanm','2025-04-09 00:00:00','ethanm'),(2257,'d6288499d0083cc34e60a077b7c4b3e1','c9f0f895fb98ab9159f51fd0297e236d','072b030ba126b2f4b2374f342be9ed44','2025-04-10 00:00:00','','2025-04-10 00:00:00','oliviaw','2025-04-10 00:00:00','oliviaw'),(2259,'04ad5632029cbfbed8e136e5f6f7ddfa','182be0c5cdcd5072bb1864cdee4d3d6e','072b030ba126b2f4b2374f342be9ed44','2025-04-13 00:00:00','','2025-04-13 00:00:00','gabriela','2025-04-13 00:00:00','gabriela'),(2260,'4cb811134b9d39fc3104bd06ce75abad','6c8349cc7260ae62e3b1396831a8398f','072b030ba126b2f4b2374f342be9ed44','2025-04-14 00:00:00','','2025-04-14 00:00:00','benjaminf','2025-04-14 00:00:00','benjaminf'),(2261,'bbaa9d6a1445eac881750bea6053f564','1c383cd30b7c298ab50293adfecb7b18','7f39f8317fbdb1988ef4c628eba02591','2025-04-03 00:00:00','','2025-04-03 00:00:00','carterb','2025-04-03 00:00:00','carterb'),(2262,'0233f3bb964cf325a30f8b1c2ed2da93','c20ad4d76fe97759aa27a0c99bff6710','7f39f8317fbdb1988ef4c628eba02591','2025-04-04 00:00:00','','2025-04-04 00:00:00','isabellad','2025-04-04 00:00:00','isabellad'),(2263,'26505e0494662534f633586941b77d0c','19ca14e7ea6328a42e0eb13d585e4c22','7f39f8317fbdb1988ef4c628eba02591','2025-04-07 00:00:00','','2025-04-07 00:00:00','sofiam','2025-04-07 00:00:00','sofiam'),(2264,'ccbd8ca962b80445df1f7f38c57759f0','02e74f10e0327ad868d138f2b4fdd6f0','7f39f8317fbdb1988ef4c628eba02591','2025-04-09 00:00:00','','2025-04-09 00:00:00','harpere','2025-04-09 00:00:00','harpere'),(2274,'66e8ba8216a1e152d72653d99a4f03ab','','093f65e080a295f8076b1c5722a46aa2','2025-02-09 19:02:34','','2025-02-09 19:02:34','','2025-02-09 19:02:34',''),(2275,'cd0cbcc668fe4bc58e0af3cc7e0a653d','642e92efb79421734881b53e1e1b18b6','093f65e080a295f8076b1c5722a46aa2','2025-02-09 19:03:16','','2025-02-09 19:03:16','','2025-02-09 19:03:16',''),(2279,'96671501524948bc3937b4b30d0e57b9','c81e728d9d4c2f636f067f89cc14862c','c20ad4d76fe97759aa27a0c99bff6710','2025-02-09 19:08:06','','2025-02-09 19:08:06','','2025-02-09 19:08:06',''),(2280,'dc16622ddc767e6bc1200fe5df2fbdfb','642e92efb79421734881b53e1e1b18b6','45c48cce2e2d7fbdea1afc51c7c6ad26','2025-02-09 19:18:51','','2025-02-09 19:18:51','','2025-02-09 19:18:51','');
/*!40000 ALTER TABLE `watchlists` ENABLE KEYS */;
UNLOCK TABLES;
/*!50003 SET @saved_cs_client      = @@character_set_client */ ;
/*!50003 SET @saved_cs_results     = @@character_set_results */ ;
/*!50003 SET @saved_col_connection = @@collation_connection */ ;
/*!50003 SET character_set_client  = utf8mb3 */ ;
/*!50003 SET character_set_results = utf8mb3 */ ;
/*!50003 SET collation_connection  = utf8mb4_0900_ai_ci */ ;
/*!50003 SET @saved_sql_mode       = @@sql_mode */ ;
/*!50003 SET sql_mode              = 'NO_AUTO_VALUE_ON_ZERO' */ ;
DELIMITER ;;
/*!50003 CREATE*/ /*!50017 DEFINER=`root`@`%`*/ /*!50003 TRIGGER `ti_watchlists` BEFORE INSERT ON `watchlists` FOR EACH ROW BEGIN
  DECLARE lastid INT;
  SET lastid=(SELECT IFNULL(MAX(No),0)+1 FROM watchlists);
  SET NEW.id = MD5(lastid);
END */;;
DELIMITER ;
/*!50003 SET sql_mode              = @saved_sql_mode */ ;
/*!50003 SET character_set_client  = @saved_cs_client */ ;
/*!50003 SET character_set_results = @saved_cs_results */ ;
/*!50003 SET collation_connection  = @saved_col_connection */ ;
/*!40103 SET TIME_ZONE=@OLD_TIME_ZONE */;

/*!40101 SET SQL_MODE=@OLD_SQL_MODE */;
/*!40014 SET FOREIGN_KEY_CHECKS=@OLD_FOREIGN_KEY_CHECKS */;
/*!40014 SET UNIQUE_CHECKS=@OLD_UNIQUE_CHECKS */;
/*!40101 SET CHARACTER_SET_CLIENT=@OLD_CHARACTER_SET_CLIENT */;
/*!40101 SET CHARACTER_SET_RESULTS=@OLD_CHARACTER_SET_RESULTS */;
/*!40101 SET COLLATION_CONNECTION=@OLD_COLLATION_CONNECTION */;
/*!40111 SET SQL_NOTES=@OLD_SQL_NOTES */;

-- Dump completed on 2025-02-09 19:22:24
